cycle,timestamp,t_now,EngineeredSoilAlpha,EngineeredSoilKsat,EngineeredSoiln,NativeSoilKsat,NativeSoiln,RunoffCoeff,Std_PondWaterDepth,Std_SoilMoisture,Std_UnderdrainFlow
1,2026-07-10T16:42:14Z,43837.000000,1.3666,11.394,1.38619,0.0897557,1.6785,0.814776,0.000378255,0.0273441,1.50995
2,2026-07-10T17:04:31Z,43840.000000,1.85151,10.9142,1.25055,0.0381606,1.15807,0.579494,0.000386123,0.0315032,10.8802
3,2026-07-10T17:26:30Z,43843.000000,1.32764,7.65392,1.33843,0.00590796,1.56,0.505698,0.000382555,0.0296652,7.8218
4,2026-07-10T17:48:43Z,43846.000000,1.52217,10.213,1.25453,0.0391747,1.06498,0.574,0.000348858,0.0285343,8.23366
5,2026-07-10T18:11:02Z,43849.000000,1.40263,10.2159,1.27992,0.0145799,1.15778,0.606971,0.000451319,0.0258542,7.57043
6,2026-07-10T18:33:33Z,43852.000000,1.43865,8.89782,1.25513,0.0655112,1.00037,0.494844,0.000560244,0.0284938,7.2912
7,2026-07-10T18:55:12Z,43855.000000,1.44842,10.2875,1.23695,0.0052881,1.38976,0.564103,0.00041733,0.0296608,7.01391
8,2026-07-10T19:17:52Z,43858.000000,1.222,9.85958,1.26721,0.032973,1.12138,0.680903,0.000794888,0.0285458,7.43375
9,2026-07-10T19:39:44Z,43861.000000,1.222,9.85958,1.26721,0.032973,1.12138,0.680903,0.000794888,0.0285458,7.43375
10,2026-07-10T20:02:11Z,43864.000000,1.222,9.85958,1.26721,0.032973,1.12138,0.680903,0.000794888,0.0285458,7.43375
11,2026-07-10T20:24:50Z,43867.000000,1.222,9.85958,1.26721,0.032973,1.12138,0.680903,0.000794888,0.0285458,7.43375
12,2026-07-10T20:48:00Z,43870.000000,1.02235,10.3823,1.31707,0.00996837,1.34373,0.760205,0.00113143,0.0330706,8.32965
13,2026-07-10T21:10:40Z,43873.000000,1.05715,9.65686,1.32096,0.00716367,1.523,0.727454,0.00126184,0.0310183,8.07654
14,2026-07-10T21:33:26Z,43876.000000,1.01268,10.1141,1.31648,0.0224031,1.17604,0.749629,0.00127763,0.0269113,7.14339
15,2026-07-10T21:54:56Z,43879.000000,0.893585,9.84903,1.32809,0.0200074,1.19833,0.763114,0.00115083,0.0281806,7.00954
16,2026-07-10T22:16:48Z,43882.000000,0.942686,9.36256,1.33988,0.0114015,1.35825,0.733533,0.00116863,0.0262598,7.40611
17,2026-07-10T22:38:38Z,43885.000000,0.909866,9.39954,1.35904,0.00654574,2.07544,0.760916,0.00114927,0.0260089,7.14406
18,2026-07-10T23:01:10Z,43888.000000,0.905485,9.67894,1.31407,0.00714885,2.04096,0.746258,0.000992102,0.027616,6.7418
19,2026-07-10T23:23:50Z,43891.000000,0.949597,10.0896,1.32579,0.00750274,1.54691,0.766688,0.00102457,0.0251867,6.6812
20,2026-07-10T23:46:34Z,43894.000000,0.949597,10.0896,1.32579,0.00750274,1.54691,0.766688,0.00102457,0.0251867,6.6812
21,2026-07-11T00:08:51Z,43897.000000,0.943927,9.92499,1.32557,0.0155441,1.22104,0.765538,0.000899258,0.027545,6.48917
22,2026-07-11T00:31:08Z,43900.000000,0.943927,9.92499,1.32557,0.0155441,1.22104,0.765538,0.000899258,0.027545,6.48917
23,2026-07-11T00:53:54Z,43903.000000,1.00952,10.9232,1.27786,0.0168038,1.20578,0.748496,0.000907141,0.0276558,5.81148
24,2026-07-11T01:16:52Z,43906.000000,0.901196,9.12568,1.37457,0.00993285,1.32045,0.75946,0.000927062,0.0249802,5.85259
25,2026-07-11T01:38:39Z,43909.000000,0.895768,9.74351,1.33647,0.00732828,1.56514,0.759553,0.000824276,0.0295701,5.67789
26,2026-07-11T02:00:16Z,43912.000000,1.03145,10.1553,1.31705,0.0131371,1.21274,0.748777,0.000853893,0.0263376,5.59633
27,2026-07-11T02:21:54Z,43915.000000,1.03145,10.1553,1.31705,0.0131371,1.21274,0.748777,0.000853893,0.0263376,5.59633
28,2026-07-11T02:43:27Z,43918.000000,0.975045,10.1529,1.33057,0.00624327,1.8457,0.774352,0.000870641,0.0277132,5.41018
29,2026-07-11T03:05:07Z,43921.000000,0.975045,10.1529,1.33057,0.00624327,1.8457,0.774352,0.000870641,0.0277132,5.41018
30,2026-07-11T03:26:43Z,43924.000000,1.03145,10.1553,1.31705,0.0131371,1.21274,0.748777,0.000853893,0.0263376,5.59633
31,2026-07-11T03:48:20Z,43927.000000,0.983167,10.5242,1.30901,0.0131047,1.20674,0.773978,0.000743846,0.0264815,4.84708
32,2026-07-11T04:09:57Z,43930.000000,0.983167,10.5242,1.30901,0.0131047,1.20674,0.773978,0.000743846,0.0264815,4.84708
33,2026-07-11T04:31:33Z,43933.000000,0.971515,10.401,1.32171,0.00686103,1.62034,0.773988,0.000682036,0.0304454,4.86884
34,2026-07-11T04:53:08Z,43936.000000,0.917661,10.081,1.36201,0.00592481,1.84492,0.811485,0.00093281,0.0243507,5.50804
35,2026-07-11T05:14:40Z,43939.000000,0.810661,10.1956,1.33099,0.00716851,1.61756,0.817538,0.0008397,0.0277369,5.86067
36,2026-07-11T05:36:17Z,43942.000000,0.917661,10.081,1.36201,0.00592481,1.84492,0.811485,0.00093281,0.0243507,5.50804
37,2026-07-11T05:57:53Z,43945.000000,1.0415,12.1268,1.26412,0.00742397,1.81999,0.817078,0.000915101,0.0262063,8.50088
38,2026-07-11T06:19:27Z,43948.000000,1.0116,11.6643,1.30867,0.00308689,1.96149,0.865993,0.000784005,0.0250952,6.45345
39,2026-07-11T06:41:05Z,43951.000000,1.08066,11.287,1.28445,0.00186114,2.07802,0.789671,0.000974026,0.0269788,7.84239
40,2026-07-11T07:02:41Z,43954.000000,1.05219,11.6902,1.2827,0.00220071,1.95755,0.815122,0.00114716,0.0242692,8.65336
41,2026-07-11T07:24:18Z,43957.000000,0.833041,11.282,1.29457,0.0105784,1.34247,0.822757,0.000872208,0.0259476,5.28494
42,2026-07-11T07:45:58Z,43960.000000,0.830618,10.3211,1.34763,0.00423994,1.87716,0.809035,0.000793927,0.0269339,5.50643
43,2026-07-11T08:07:33Z,43963.000000,0.935895,10.1955,1.39178,0.00815461,1.6773,0.832291,0.000893349,0.0246446,4.66401
44,2026-07-11T08:29:04Z,43966.000000,1.15154,11.3301,1.33795,0.00492287,1.82688,0.823524,0.00101654,0.0255338,5.54223
45,2026-07-11T08:50:43Z,43969.000000,0.887079,10.1636,1.37571,0.00603594,1.6403,0.819978,0.000864772,0.0267446,6.53885
46,2026-07-11T09:12:20Z,43972.000000,1.04977,11.3359,1.32741,0.00537369,1.44447,0.822756,0.000860337,0.0259628,5.73412
47,2026-07-11T09:33:52Z,43975.000000,0.926388,11.1806,1.32127,0.00307229,2.11379,0.822338,0.000824835,0.0305156,6.06818
48,2026-07-11T09:55:30Z,43978.000000,1.00143,11.4934,1.31196,0.00539833,1.80332,0.820472,0.000960918,0.0245326,5.15036
49,2026-07-11T10:17:08Z,43981.000000,0.931936,10.7882,1.3346,0.00441967,1.67928,0.81827,0.000717799,0.0318297,4.86417
50,2026-07-11T10:38:43Z,43984.000000,1.01058,10.7887,1.33189,0.00411991,1.66702,0.797606,0.000725923,0.0308083,5.0511
51,2026-07-11T11:00:20Z,43987.000000,0.958317,10.6325,1.3553,0.00922699,1.30766,0.815541,0.000782968,0.0245975,5.5906
52,2026-07-11T11:21:58Z,43990.000000,0.898345,10.7157,1.32973,0.00387898,2.12465,0.803635,0.00083516,0.0278787,4.92737
53,2026-07-11T11:43:28Z,43993.000000,0.977467,10.9615,1.3279,0.00545263,1.87718,0.809699,0.000793558,0.0319705,5.57988
54,2026-07-11T12:05:07Z,43996.000000,1.04883,11.2164,1.34062,0.00499137,1.8831,0.800641,0.00104084,0.0293477,5.33781
55,2026-07-11T12:26:46Z,43999.000000,0.982702,9.68359,1.42191,0.00157201,1.7284,0.779609,0.000934332,0.0281376,5.63444
56,2026-07-11T12:48:16Z,44002.000000,0.98535,10.3979,1.35532,0.0048682,2.04879,0.789772,0.00090576,0.0253745,5.73753
57,2026-07-11T13:09:52Z,44005.000000,0.991908,10.6986,1.37144,0.00433334,2.09387,0.809187,0.00101513,0.0281942,5.91556
58,2026-07-11T13:31:33Z,44008.000000,1.01175,10.4939,1.39205,0.0104298,1.38499,0.808179,0.00101238,0.0247116,6.38884
59,2026-07-11T13:53:07Z,44011.000000,0.991908,10.6986,1.37144,0.00433334,2.09387,0.809187,0.00101513,0.0281942,5.91556
60,2026-07-11T14:14:40Z,44014.000000,1.01405,10.5857,1.38075,0.00416,1.82494,0.79583,0.000885424,0.0243637,6.40197
61,2026-07-11T14:36:19Z,44017.000000,0.963591,10.0096,1.41825,0.0023736,1.78888,0.800346,0.000893661,0.0288621,6.94734
62,2026-07-11T14:57:53Z,44020.000000,0.991908,10.6986,1.37144,0.00433334,2.09387,0.809187,0.00101513,0.0281942,5.91556
63,2026-07-11T15:19:30Z,44023.000000,0.945467,10.0888,1.40521,0.00208592,1.75733,0.792483,0.000937219,0.0281443,7.19557
64,2026-07-11T15:41:05Z,44026.000000,1.04039,10.7492,1.37485,0.00289163,1.5016,0.796786,0.00113859,0.0315681,7.10199
65,2026-07-11T16:02:43Z,44029.000000,1.01868,10.5819,1.39232,0.0040321,2.16171,0.801489,0.0010541,0.0233387,6.52839
66,2026-07-11T16:24:19Z,44032.000000,1.02954,10.5954,1.38361,0.00429708,1.9013,0.790417,0.00108806,0.0242422,7.57901
67,2026-07-11T16:45:57Z,44035.000000,0.998883,10.0871,1.43771,0.00531194,2.04035,0.801151,0.000732365,0.028392,6.60077
68,2026-07-11T17:07:28Z,44038.000000,0.926516,9.14927,1.50775,0.00446586,2.0728,0.785271,0.000897344,0.0261945,7.30383
69,2026-07-11T17:29:05Z,44041.000000,0.926516,9.14927,1.50775,0.00446586,2.0728,0.785271,0.000897344,0.0261945,7.30383
70,2026-07-11T17:50:42Z,44044.000000,0.926516,9.14927,1.50775,0.00446586,2.0728,0.785271,0.000897344,0.0261945,7.30383
71,2026-07-11T18:12:23Z,44047.000000,0.94812,8.83453,1.55045,0.00539279,1.51607,0.787508,0.000780073,0.0276105,5.51527
72,2026-07-11T18:33:58Z,44050.000000,1.01051,9.06137,1.46119,0.00244804,1.83628,0.758545,0.00138461,0.0240863,8.16946
73,2026-07-11T18:55:35Z,44053.000000,0.99516,9.61321,1.44247,0.00411227,1.77265,0.792688,0.00119101,0.0243333,9.32824
74,2026-07-11T19:17:11Z,44056.000000,1.10804,9.75506,1.43062,0.00278375,1.8841,0.77676,0.00125037,0.0301166,7.36887
75,2026-07-11T19:38:44Z,44059.000000,1.01009,9.5073,1.46988,0.00309957,1.88718,0.792283,0.00128336,0.0264325,8.03246
76,2026-07-11T20:00:19Z,44062.000000,0.894418,9.94564,1.3867,0.00280215,1.60782,0.800566,0.00147193,0.030171,7.95126
77,2026-07-11T20:21:52Z,44065.000000,1.02042,9.81785,1.41479,0.00269479,1.95728,0.782371,0.00144908,0.0242933,8.92508
78,2026-07-11T20:43:34Z,44068.000000,1.02042,9.81785,1.41479,0.00269479,1.95728,0.782371,0.00144908,0.0242933,8.92508
79,2026-07-11T21:05:10Z,44071.000000,1.02042,9.81785,1.41479,0.00269479,1.95728,0.782371,0.00144908,0.0242933,8.92508
80,2026-07-11T21:26:44Z,44074.000000,1.05731,9.93311,1.42589,0.00353682,1.63461,0.797778,0.00160549,0.0253835,9.82005
81,2026-07-11T21:48:20Z,44077.000000,1.09054,11.2912,1.3195,0.00340002,2.46346,0.781511,0.00169958,0.0269124,10.108
82,2026-07-11T22:09:56Z,44080.000000,1.09054,11.2912,1.3195,0.00340002,2.46346,0.781511,0.00169958,0.0269124,10.108
83,2026-07-11T22:31:33Z,44083.000000,1.09054,11.2912,1.3195,0.00340002,2.46346,0.781511,0.00169958,0.0269124,10.108
84,2026-07-11T22:53:10Z,44086.000000,1.05731,9.93311,1.42589,0.00353682,1.63461,0.797778,0.00160549,0.0253835,9.82005
85,2026-07-11T23:14:44Z,44089.000000,1.05148,9.99057,1.3914,0.00335513,2.43126,0.778897,0.00173936,0.0268511,11.4309
86,2026-07-11T23:36:18Z,44092.000000,1.09905,10.4526,1.3909,0.00285792,2.54208,0.808981,0.00165694,0.0282679,11.9296
87,2026-07-11T23:57:57Z,44095.000000,1.11713,11.5722,1.30589,0.00412243,1.32271,0.788225,0.00174723,0.0297599,10.4732
88,2026-07-12T00:19:30Z,44098.000000,1.0863,10.4864,1.37964,0.00390374,2.52206,0.79312,0.00147563,0.024888,10.7141
89,2026-07-12T00:41:10Z,44101.000000,1.0863,10.4864,1.37964,0.00390374,2.52206,0.79312,0.00147563,0.024888,10.7141
90,2026-07-12T01:02:41Z,44104.000000,0.992743,9.80349,1.40159,0.0035309,1.37877,0.788259,0.00159152,0.027427,8.58242
91,2026-07-12T01:24:22Z,44107.000000,0.920996,8.77911,1.49893,0.0020517,1.9365,0.795995,0.00142811,0.0256037,8.52344
92,2026-07-12T01:45:57Z,44110.000000,0.942956,9.26005,1.55736,0.00192197,1.97159,0.840999,0.00148176,0.0280237,9.27248
93,2026-07-12T02:07:31Z,44113.000000,0.926262,8.60247,1.61043,0.00154999,2.00536,0.818125,0.00133901,0.0332329,11.2275
94,2026-07-12T02:29:07Z,44116.000000,1.02578,10.0346,1.39822,0.00196667,1.45716,0.793471,0.00133627,0.0262587,13.9753
95,2026-07-12T02:50:43Z,44119.000000,1.02578,10.0346,1.39822,0.00196667,1.45716,0.793471,0.00133627,0.0262587,13.9753
96,2026-07-12T03:12:20Z,44122.000000,0.962891,9.21083,1.4237,0.0029022,1.50884,0.761573,0.00132998,0.0292814,9.81623
97,2026-07-12T03:33:59Z,44125.000000,1.03284,10.4309,1.36407,0.00305077,1.38282,0.78038,0.00131891,0.0261726,7.80474
98,2026-07-12T03:55:33Z,44128.000000,0.932835,9.18523,1.4357,0.00477976,1.90273,0.773442,0.0014902,0.0266713,8.21815
99,2026-07-12T04:17:11Z,44131.000000,0.932835,9.18523,1.4357,0.00477976,1.90273,0.773442,0.0014902,0.0266713,8.21815
100,2026-07-12T04:38:44Z,44134.000000,1.03284,10.4309,1.36407,0.00305077,1.38282,0.78038,0.00131891,0.0261726,7.80474
101,2026-07-12T05:00:18Z,44137.000000,0.921482,9.98832,1.40072,0.0023168,1.5992,0.79547,0.00144315,0.0276375,9.89881
102,2026-07-12T05:21:53Z,44140.000000,0.959411,9.69425,1.43914,0.00325664,1.78929,0.791479,0.00146062,0.0306381,10.7983
103,2026-07-12T05:43:30Z,44143.000000,0.959411,9.69425,1.43914,0.00325664,1.78929,0.791479,0.00146062,0.0306381,10.7983
104,2026-07-12T06:05:08Z,44146.000000,0.965829,9.07308,1.47844,0.00375058,2.32215,0.778122,0.00144212,0.0298142,10.0544
105,2026-07-12T06:26:46Z,44149.000000,0.85014,8.78436,1.509,0.00405575,2.35929,0.793978,0.00124233,0.0292518,12.7221
106,2026-07-12T06:48:22Z,44152.000000,1.01424,10.3701,1.38157,0.00712241,1.35033,0.800501,0.00126562,0.028505,9.46209
107,2026-07-12T07:09:59Z,44155.000000,0.923622,8.31401,1.58542,0.00666482,1.59358,0.773892,0.00133145,0.0280186,8.51685
108,2026-07-12T07:31:34Z,44158.000000,0.923622,8.31401,1.58542,0.00666482,1.59358,0.773892,0.00133145,0.0280186,8.51685
109,2026-07-12T07:53:04Z,44161.000000,0.890885,9.39935,1.42961,0.0073545,1.36341,0.784914,0.0012653,0.0286228,9.88667
110,2026-07-12T08:14:42Z,44164.000000,0.890885,9.39935,1.42961,0.0073545,1.36341,0.784914,0.0012653,0.0286228,9.88667
111,2026-07-12T08:36:17Z,44167.000000,0.986534,10.2328,1.42534,0.00252926,1.79514,0.820835,0.00120725,0.0267716,9.03512
112,2026-07-12T08:57:56Z,44170.000000,1.04108,10.7238,1.36034,0.00543348,0.98437,0.805683,0.00120614,0.0292185,11.2424
113,2026-07-12T09:19:31Z,44173.000000,0.94769,9.40642,1.46061,0.0123419,1.34529,0.80627,0.0017539,0.0265881,8.83332
114,2026-07-12T09:41:05Z,44176.000000,0.826535,8.69994,1.49861,0.00595774,1.56729,0.804953,0.00168803,0.0265017,8.1169
115,2026-07-12T10:02:43Z,44179.000000,0.911758,9.35776,1.46317,0.00477786,1.71904,0.824,0.00162672,0.0269617,10.2754
116,2026-07-12T10:24:17Z,44182.000000,0.978767,9.13478,1.43806,0.0077286,1.84493,0.825256,0.00412282,0.0249311,8.95244
117,2026-07-12T10:45:55Z,44185.000000,0.917393,8.06847,1.56387,0.0067705,2.18987,0.824336,0.00504845,0.0283463,7.94068
118,2026-07-12T11:07:31Z,44188.000000,1.04891,10.9054,1.32112,0.0162961,1.24343,0.822948,0.00469624,0.0291204,7.75602
119,2026-07-12T11:29:06Z,44191.000000,0.838087,6.86198,1.55074,0.00753278,1.9777,0.795007,0.00893226,0.0271963,8.93549
120,2026-07-12T11:50:41Z,44194.000000,0.89652,8.63969,1.3809,0.00965145,1.50495,0.816414,0.00934294,0.0266556,7.82611
121,2026-07-12T12:12:19Z,44197.000000,0.925582,8.76619,1.37021,0.0103258,1.4846,0.817946,0.00834491,0.0263702,7.72443
122,2026-07-12T12:33:56Z,44200.000000,0.992683,7.79838,1.39767,0.0076866,2.09978,0.810802,0.0166447,0.0252718,10.03
123,2026-07-12T12:55:29Z,44203.000000,0.896513,7.42346,1.39028,0.00911133,1.53328,0.806122,0.0159051,0.0273141,10.5892
124,2026-07-12T13:17:06Z,44206.000000,1.98637,11.8422,1.1719,0.00279889,2.10144,0.805979,0.0150244,0.028136,11.1452
125,2026-07-12T13:38:42Z,44209.000000,1.56921,11.3079,1.19975,0.00953316,1.41847,0.810896,0.0146195,0.028709,10.6712
126,2026-07-12T14:00:18Z,44212.000000,1.56921,11.3079,1.19975,0.00953316,1.41847,0.810896,0.0146195,0.028709,10.6712
127,2026-07-12T14:21:51Z,44215.000000,1.56921,11.3079,1.19975,0.00953316,1.41847,0.810896,0.0146195,0.028709,10.6712
128,2026-07-12T14:43:30Z,44218.000000,1.56921,11.3079,1.19975,0.00953316,1.41847,0.810896,0.0146195,0.028709,10.6712
129,2026-07-12T15:05:08Z,44221.000000,1.535,10.5365,1.17146,0.00953508,1.38289,0.805529,0.0120219,0.0285132,9.50176
130,2026-07-12T15:26:44Z,44224.000000,2.12367,13.3862,1.14931,0.00662936,2.28544,0.787707,0.0125713,0.0289166,9.73621
131,2026-07-12T15:48:16Z,44227.000000,1.9436,11.8044,1.16694,0.00402448,1.76419,0.816395,0.0130296,0.0266477,11.0466
132,2026-07-12T16:09:52Z,44230.000000,1.8879,12.4388,1.15178,0.00750443,2.26588,0.838844,0.0150173,0.0286169,10.6627
133,2026-07-12T16:31:27Z,44233.000000,2.00712,13.4327,1.15318,0.0112709,1.32026,0.836113,0.0134275,0.0301552,10.1271
134,2026-07-12T16:53:04Z,44236.000000,1.97538,11.9227,1.16036,0.00683048,2.31375,0.814283,0.0153288,0.0262215,11.123
135,2026-07-12T17:14:43Z,44239.000000,2.14044,12.6486,1.15373,0.00397357,2.09047,0.829445,0.0124028,0.0271251,11.5547
136,2026-07-12T17:36:16Z,44242.000000,1.65758,10.2978,1.18205,0.0103068,1.47161,0.854148,0.0146548,0.0269597,11.1898
137,2026-07-12T17:57:55Z,44245.000000,1.76689,10.264,1.17357,0.0104652,1.39426,0.806689,0.0151413,0.0268763,12.5986
138,2026-07-12T18:19:31Z,44248.000000,2.07704,7.11115,1.17813,0.00518946,1.72569,0.822664,0.0136314,0.0279749,11.0207
139,2026-07-12T18:41:06Z,44251.000000,2.39051,7.83221,1.15603,0.00052098,1.43388,0.763476,0.0170574,0.0263929,10.209
140,2026-07-12T19:02:42Z,44254.000000,2.25068,8.02313,1.15726,0.00273776,0.974188,0.859819,0.0136613,0.0272191,11.8451
141,2026-07-12T19:24:21Z,44257.000000,1.65588,5.66397,1.19461,0.0026929,0.904562,0.835311,0.0163526,0.0273794,10.9729
142,2026-07-12T19:45:52Z,44260.000000,1.67785,6.4947,1.18363,0.00565296,1.49669,0.851865,0.0159599,0.0274475,12.6046
143,2026-07-12T20:07:31Z,44263.000000,2.18415,6.61022,1.17774,0.00337543,1.64186,0.881272,0.0166697,0.029445,13.8744
144,2026-07-12T20:29:09Z,44266.000000,1.99,5.79025,1.18062,0.00284094,1.79122,0.809745,0.0147379,0.027691,12.7752
145,2026-07-12T20:50:46Z,44269.000000,1.77693,4.87877,1.20497,0.0018546,1.6423,0.772815,0.0125989,0.0300229,13.017
146,2026-07-12T21:12:17Z,44272.000000,1.60535,4.16103,1.19004,0.00283205,1.86998,0.799265,0.010223,0.0278324,10.684
147,2026-07-12T21:33:56Z,44275.000000,1.60202,4.21305,1.19579,0.00416021,1.80682,0.8229,0.0105528,0.0262235,9.51497
148,2026-07-12T21:55:32Z,44278.000000,1.64278,4.42882,1.18489,0.00642664,1.77598,0.801789,0.0102366,0.0265047,8.91457
149,2026-07-12T22:17:06Z,44281.000000,1.59083,3.5714,1.1892,0.00778836,1.44772,0.808598,0.00872954,0.0310457,9.76778
150,2026-07-12T22:38:41Z,44284.000000,0.886557,2.38159,1.33636,0.00748124,1.74801,0.831057,0.00675427,0.0334792,7.29123
151,2026-07-12T23:00:16Z,44287.000000,0.979713,2.48434,1.31134,0.00717415,1.85655,0.809186,0.00746429,0.0273805,5.94292
152,2026-07-12T23:21:53Z,44290.000000,0.92356,2.01111,1.46926,0.00925809,1.45168,0.84017,0.0060806,0.0272414,9.02154
153,2026-07-12T23:43:30Z,44293.000000,0.908595,2.06409,1.37654,0.0065997,1.95351,0.819311,0.00392917,0.0251269,8.57641
154,2026-07-13T00:05:06Z,44296.000000,1.06426,2.30864,1.29363,0.00560266,1.9537,0.783275,0.00394695,0.0290936,7.4522
155,2026-07-13T00:26:42Z,44299.000000,1.09273,2.33242,1.31001,0.00653857,1.5075,0.813852,0.00457463,0.0277834,5.04318
156,2026-07-13T00:48:16Z,44302.000000,1.03698,2.37868,1.28131,0.00762587,1.491,0.822062,0.00406562,0.0311103,5.43002
157,2026-07-13T01:09:53Z,44305.000000,0.946359,2.23752,1.32436,0.00684024,1.52815,0.8278,0.00440517,0.0287609,4.4631
158,2026-07-13T01:31:29Z,44308.000000,0.946359,2.23752,1.32436,0.00684024,1.52815,0.8278,0.00440517,0.0287609,4.4631
159,2026-07-13T01:53:03Z,44311.000000,0.942132,2.19438,1.33363,0.00655194,1.71616,0.843053,0.0041153,0.0240234,5.12738
160,2026-07-13T02:14:39Z,44314.000000,0.845733,2.03066,1.35109,0.00880259,1.37755,0.826646,0.00432051,0.027917,5.37093
161,2026-07-13T02:36:19Z,44317.000000,0.934142,2.1374,1.32049,0.00690207,1.73923,0.807631,0.00483993,0.0275931,5.14973
162,2026-07-13T02:57:56Z,44320.000000,0.932757,2.17475,1.31529,0.00601907,2.68431,0.81829,0.00506652,0.0308516,4.96251
163,2026-07-13T03:19:33Z,44323.000000,0.934142,2.1374,1.32049,0.00690207,1.73923,0.807631,0.00483993,0.0275931,5.14973
164,2026-07-13T03:41:06Z,44326.000000,0.883299,2.17684,1.32738,0.00637816,2.72074,0.838027,0.00451975,0.0289429,5.56057
165,2026-07-13T04:02:40Z,44329.000000,0.902601,2.01556,1.40304,0.00773142,1.76863,0.85064,0.00554324,0.0282985,4.97495
166,2026-07-13T04:24:18Z,44332.000000,0.926063,2.10741,1.34855,0.00757567,1.776,0.832346,0.00447441,0.0279833,5.14709
167,2026-07-13T04:45:54Z,44335.000000,0.902601,2.01556,1.40304,0.00773142,1.76863,0.85064,0.00554324,0.0282985,4.97495
168,2026-07-13T05:07:30Z,44338.000000,1.02139,2.27864,1.31339,0.00777331,1.53879,0.819701,0.00460569,0.0249043,5.38589
169,2026-07-13T05:29:08Z,44341.000000,0.883478,2.01094,1.4078,0.00879135,1.56295,0.862413,0.00413873,0.0285658,6.00073
170,2026-07-13T05:50:40Z,44344.000000,0.976253,2.1709,1.35657,0.00736525,1.54674,0.845338,0.00438551,0.0287562,8.03452
171,2026-07-13T06:12:16Z,44347.000000,0.986373,2.25354,1.3287,0.0102519,1.74191,0.842174,0.00582836,0.0252712,6.58616
172,2026-07-13T06:33:53Z,44350.000000,0.98985,2.24848,1.31315,0.00825091,1.74138,0.804533,0.00550823,0.0288338,5.81776
173,2026-07-13T06:55:31Z,44353.000000,0.986551,2.23365,1.32525,0.0081593,2.99313,0.809691,0.00494412,0.0269164,5.84325
174,2026-07-13T07:17:08Z,44356.000000,0.98985,2.24848,1.31315,0.00825091,1.74138,0.804533,0.00550823,0.0288338,5.81776
175,2026-07-13T07:38:45Z,44359.000000,0.90284,2.25644,1.28853,0.00571719,1.7087,0.804431,0.00612525,0.0305947,5.71013
176,2026-07-13T08:00:18Z,44362.000000,1.0051,2.14184,1.31542,0.00850555,1.70211,0.818107,0.00765229,0.0276986,5.17114
177,2026-07-13T08:21:54Z,44365.000000,1.0744,2.51941,1.24766,0.01105,1.60158,0.827829,0.00597021,0.0267738,5.16955
178,2026-07-13T08:43:29Z,44368.000000,1.01671,2.29204,1.27375,0.00684707,2.93,0.79777,0.00674517,0.0274863,5.62487
179,2026-07-13T09:05:09Z,44371.000000,1.05584,2.32858,1.27398,0.0106372,1.53691,0.814614,0.00649427,0.0269755,5.60436
180,2026-07-13T09:26:43Z,44374.000000,1.0837,2.3715,1.29182,0.00812706,2.83837,0.840439,0.00629373,0.0279051,6.74555
181,2026-07-13T09:48:17Z,44377.000000,1.11448,2.22786,1.31045,0.00779659,1.50704,0.812731,0.00657972,0.0278188,7.57785
182,2026-07-13T10:09:58Z,44380.000000,1.08415,2.1681,1.33523,0.00814459,1.7581,0.779608,0.00756629,0.028511,7.4137
183,2026-07-13T10:31:31Z,44383.000000,1.08415,2.1681,1.33523,0.00814459,1.7581,0.779608,0.00756629,0.028511,7.4137
184,2026-07-13T10:53:04Z,44386.000000,1.03694,2.26152,1.32203,0.00927891,1.73055,0.813044,0.00730663,0.0259217,8.80367
185,2026-07-13T11:14:42Z,44389.000000,1.27339,2.63111,1.25081,0.00965501,1.62949,0.798651,0.00767966,0.0288123,6.67931
186,2026-07-13T11:36:19Z,44392.000000,1.27339,2.63111,1.25081,0.00965501,1.62949,0.798651,0.00767966,0.0288123,6.67931
187,2026-07-13T11:57:54Z,44395.000000,1.14645,2.45508,1.28691,0.00990653,1.54569,0.795515,0.00710122,0.0257363,6.70778
188,2026-07-13T12:19:32Z,44398.000000,1.33346,2.56046,1.24706,0.00665774,2.76264,0.793616,0.00682325,0.0264714,7.54728
189,2026-07-13T12:41:06Z,44401.000000,1.22195,2.53178,1.27124,0.00710283,2.08234,0.822808,0.0067031,0.0248543,8.23373
190,2026-07-13T13:02:44Z,44404.000000,1.24497,2.52084,1.26626,0.00693225,2.11386,0.785922,0.00762148,0.0249671,8.54931
191,2026-07-13T13:24:16Z,44407.000000,1.24497,2.52084,1.26626,0.00693225,2.11386,0.785922,0.00762148,0.0249671,8.54931
192,2026-07-13T13:45:58Z,44410.000000,1.24497,2.52084,1.26626,0.00693225,2.11386,0.785922,0.00762148,0.0249671,8.54931
193,2026-07-13T14:07:34Z,44413.000000,1.10641,2.46518,1.26217,0.00840326,1.67028,0.807188,0.00724553,0.030674,7.27969
194,2026-07-13T14:29:07Z,44416.000000,1.36337,2.83933,1.22337,0.00836331,2.07165,0.812618,0.00663693,0.0274613,6.35397
195,2026-07-13T14:50:42Z,44419.000000,1.15808,2.71035,1.23905,0.00789489,1.73327,0.810943,0.00699473,0.0307403,7.88698
196,2026-07-13T15:12:21Z,44422.000000,1.34604,2.19862,1.31313,0.00550489,1.95221,0.796516,0.00649473,0.028167,7.14155
197,2026-07-13T15:33:52Z,44425.000000,0.945559,2.43515,1.26651,0.00790827,1.75778,0.77166,0.00943301,0.0290253,11.0046
198,2026-07-13T15:55:36Z,44428.000000,1.22686,2.51028,1.25372,0.00759324,1.70457,0.778006,0.0103425,0.0298637,10.3833
199,2026-07-13T16:17:07Z,44431.000000,1.21908,2.45725,1.26186,0.00713619,1.6182,0.787056,0.011862,0.0276843,9.73092
200,2026-07-13T16:38:41Z,44434.000000,1.21254,2.35653,1.28161,0.00675371,1.7214,0.776542,0.010977,0.0295826,8.95348
201,2026-07-13T17:00:22Z,44437.000000,0.865502,1.86103,1.47213,0.00569479,1.54689,0.77805,0.00955731,0.0281713,10.7469
202,2026-07-13T17:21:57Z,44440.000000,1.00651,2.02937,1.36622,0.00595503,2.08749,0.765639,0.0103121,0.0238739,10.7237
203,2026-07-13T17:43:29Z,44443.000000,1.13754,2.14638,1.32683,0.00560158,2.05582,0.792067,0.0136389,0.0243262,9.78852
204,2026-07-13T18:05:11Z,44446.000000,1.04652,2.07885,1.36929,0.00532865,2.08109,0.789908,0.0135682,0.0254122,9.89809
205,2026-07-13T18:26:43Z,44449.000000,0.886841,1.83632,1.50007,0.00560537,1.56592,0.784391,0.0110346,0.0289203,9.68224
206,2026-07-13T18:48:21Z,44452.000000,0.886022,1.73395,1.52164,0.00497343,2.02498,0.778834,0.012612,0.0214251,10.3875
207,2026-07-13T19:09:53Z,44455.000000,0.954817,1.83641,1.54857,0.0053051,1.55262,0.790727,0.0131523,0.0258353,8.50315
208,2026-07-13T19:31:35Z,44458.000000,0.957156,1.87523,1.47772,0.0050617,1.75775,0.8131,0.0122877,0.0259138,13.6589
209,2026-07-13T19:53:07Z,44461.000000,0.829238,1.69016,1.58136,0.00443943,2.08619,0.770924,0.0115656,0.026531,7.9437
210,2026-07-13T20:14:45Z,44464.000000,0.905083,1.87534,1.46013,0.00608282,1.91371,0.809144,0.011949,0.0314266,8.56025
211,2026-07-13T20:36:23Z,44467.000000,1.06233,1.97181,1.41403,0.00531064,1.77808,0.807433,0.0122614,0.0257971,9.4478
212,2026-07-13T20:57:55Z,44470.000000,0.85601,1.86552,1.42852,0.00351402,2.35738,0.823459,0.0110067,0.0300569,11.2821
213,2026-07-13T21:19:31Z,44473.000000,0.944867,1.91484,1.4222,0.00486265,1.7151,0.810272,0.00934424,0.0288258,8.89802
214,2026-07-13T21:41:07Z,44476.000000,0.88467,1.71514,1.58301,0.00511977,2.10011,0.82487,0.0111248,0.0271917,11.4286
215,2026-07-13T22:02:43Z,44479.000000,0.88467,1.71514,1.58301,0.00511977,2.10011,0.82487,0.0111248,0.0271917,11.4286
216,2026-07-13T22:24:23Z,44482.000000,0.853588,1.65367,1.52469,0.00779307,1.30474,0.791172,0.0089512,0.0277505,10.7956
217,2026-07-13T22:45:54Z,44485.000000,0.959579,1.86233,1.39498,0.00634597,1.38235,0.788419,0.0100241,0.029871,11.0963
218,2026-07-13T23:07:33Z,44488.000000,1.00362,1.896,1.41542,0.00324544,2.17857,0.8131,0.010045,0.0246398,9.71704
219,2026-07-13T23:29:05Z,44491.000000,0.902984,1.81726,1.45553,0.00900544,1.33626,0.783501,0.00929557,0.0281108,7.65369
220,2026-07-13T23:50:43Z,44494.000000,0.877621,1.73281,1.50434,0.00536402,2.08353,0.78509,0.00915672,0.0290121,8.87103
221,2026-07-14T00:12:17Z,44497.000000,0.903191,1.75217,1.44642,0.00419095,2.52557,0.788144,0.00911753,0.03462,7.27997
222,2026-07-14T00:33:53Z,44500.000000,1.06417,1.92348,1.4077,0.00480931,1.44418,0.78575,0.00991708,0.0318441,8.05904
223,2026-07-14T00:55:31Z,44503.000000,1.06417,1.92348,1.4077,0.00480931,1.44418,0.78575,0.00991708,0.0318441,8.05904
224,2026-07-14T01:17:07Z,44506.000000,0.878726,1.87838,1.44562,0.00599193,2.86794,0.805392,0.00971039,0.0285632,8.29082
225,2026-07-14T01:38:44Z,44509.000000,1.01634,1.80156,1.5075,0.0046246,1.92797,0.806703,0.00841544,0.0290426,7.77392
226,2026-07-14T02:00:23Z,44512.000000,1.00573,1.78295,1.46149,0.00273291,3.86168,0.773568,0.00822358,0.0310646,8.29623
227,2026-07-14T02:21:53Z,44515.000000,1.09936,1.85366,1.46954,0.00692169,2.02559,0.809082,0.00991996,0.0260566,7.72722
228,2026-07-14T02:43:31Z,44518.000000,1.0631,1.98141,1.36245,0.0248607,1.13215,0.767365,0.0107196,0.0336342,7.91166
229,2026-07-14T03:05:06Z,44521.000000,0.946546,1.83646,1.47751,0.00871245,1.59942,0.798947,0.00652864,0.0288708,6.08018
230,2026-07-14T03:26:40Z,44524.000000,0.846659,1.77152,1.55065,0.00773929,1.94647,0.818045,0.00698481,0.0251617,7.4601
231,2026-07-14T03:48:19Z,44527.000000,0.922838,1.76095,1.55701,0.00631905,1.94122,0.797902,0.00677053,0.0312654,7.3078
232,2026-07-14T04:09:52Z,44530.000000,0.990884,1.73858,1.53398,0.00666996,1.9095,0.797719,0.00622867,0.025732,7.53203
233,2026-07-14T04:31:33Z,44533.000000,0.985128,1.79595,1.47168,0.00433181,2.11934,0.784126,0.00626655,0.0277255,7.16646
234,2026-07-14T04:53:07Z,44536.000000,0.950459,1.79888,1.43712,0.0115262,1.30886,0.797759,0.00621639,0.0283614,5.81134
235,2026-07-14T05:14:40Z,44539.000000,0.846135,1.83433,1.50264,0.00679602,1.93793,0.828242,0.00580206,0.0285612,7.44661
236,2026-07-14T05:36:18Z,44542.000000,1.04127,2.12534,1.34862,0.00887255,1.6463,0.813075,0.00344376,0.0290031,7.16043
237,2026-07-14T05:57:54Z,44545.000000,1.05307,2.03795,1.3688,0.00602893,2.2766,0.810746,0.00389728,0.0315164,7.03831
238,2026-07-14T06:19:31Z,44548.000000,1.07432,1.97004,1.38478,0.00522032,2.29606,0.766051,0.00383805,0.0280855,6.44928
239,2026-07-14T06:41:07Z,44551.000000,0.925665,1.91528,1.38103,0.0050131,2.25922,0.777507,0.00320447,0.0275106,5.94467
240,2026-07-14T07:02:44Z,44554.000000,0.992423,1.92304,1.368,0.00672429,1.61277,0.751654,0.00358327,0.0317998,4.77378
241,2026-07-14T07:24:19Z,44557.000000,0.969488,1.99092,1.37883,0.00525002,2.09642,0.784124,0.00390663,0.0364247,7.41989
242,2026-07-14T07:45:52Z,44560.000000,0.952532,2.21132,1.30446,0.00549494,2.2833,0.806766,0.00311628,0.0283177,5.89295
243,2026-07-14T08:07:30Z,44563.000000,1.03194,2.28589,1.29011,0.00492112,2.28005,0.797485,0.00312877,0.0325294,5.98591
244,2026-07-14T08:29:08Z,44565.000000,0.989545,2.20032,1.30062,0.00579547,1.90749,0.779223,0.00445313,0.0321567,6.57897
