run_id,type,cycle,start_utc,end_utc,elapsed_sec,sim_start_serial,sim_end_serial,sim_days,initial_state_path,output_state_path,status,notes
1,forward_advance,1,2026-08-16T17:20:49.266Z,2026-08-16T17:20:56.241Z,6.97500000,43833.00000000,43834.00000000,1.00000000,(cold start from script),/home/arash/Projects/DrywellDT/deployments/Wetland_assimilation_MCMC/state/state_20200104_000000.json,ok,
2,forward_forecast,1,2026-08-16T17:20:56.243Z,2026-08-16T17:21:04.316Z,8.07300000,43833.00000000,43840.00000000,7.00000000,(cold start from script),,ok,
3,forward_advance,2,2026-08-16T17:49:37.206Z,2026-08-16T17:49:44.706Z,7.50000000,43834.00000000,43837.00000000,3.00000000,/home/arash/Projects/DrywellDT/deployments/Wetland_assimilation_MCMC/state/_current_input.json,/home/arash/Projects/DrywellDT/deployments/Wetland_assimilation_MCMC/state/state_20200107_000000.json,ok,
4,forward_forecast,2,2026-08-16T17:49:44.707Z,2026-08-16T17:49:51.893Z,7.18600000,43834.00000000,43841.00000000,7.00000000,/home/arash/Projects/DrywellDT/deployments/Wetland_assimilation_MCMC/state/_current_input.json,,ok,
5,assim_calibration,1,2026-08-16T17:42:25.217Z,2026-08-16T17:50:24.491Z,479.27400000,43833.00000000,43837.00000000,4.00000000,/home/arash/Projects/DrywellDT/deployments/Wetland_assimilation_MCMC/state/state_20200104_000000.json,/home/arash/Projects/DrywellDT/deployments/Wetland_assimilation_MCMC/outputs/calibration/state_calibrated_20260816_175024.json,ok,MCMC provisional (plateaued=0)
6,forward_advance,3,2026-08-16T18:04:01.148Z,2026-08-16T18:04:08.854Z,7.70600000,43837.00000000,43840.00000000,3.00000000,/home/arash/Projects/DrywellDT/deployments/Wetland_assimilation_MCMC/state/_current_input.json,/home/arash/Projects/DrywellDT/deployments/Wetland_assimilation_MCMC/state/state_20200110_000000.json,ok,
7,forward_forecast,3,2026-08-16T18:04:08.855Z,2026-08-16T18:04:16.473Z,7.61800000,43837.00000000,43844.00000000,7.00000000,/home/arash/Projects/DrywellDT/deployments/Wetland_assimilation_MCMC/state/_current_input.json,,ok,
8,assim_calibration,2,2026-08-16T18:04:01.146Z,2026-08-16T18:15:21.256Z,680.11000000,43833.00000000,43840.00000000,7.00000000,/home/arash/Projects/DrywellDT/deployments/Wetland_assimilation_MCMC/state/state_20200107_000000.json,/home/arash/Projects/DrywellDT/deployments/Wetland_assimilation_MCMC/outputs/calibration/state_calibrated_20260816_181521.json,ok,MCMC converged (ess=61.9604)
9,forward_advance,4,2026-08-16T18:25:37.126Z,2026-08-16T18:25:45.993Z,8.86700000,43840.00000000,43843.00000000,3.00000000,/home/arash/Projects/DrywellDT/deployments/Wetland_assimilation_MCMC/state/_current_input.json,/home/arash/Projects/DrywellDT/deployments/Wetland_assimilation_MCMC/state/state_20200113_000000.json,ok,
10,forward_forecast,4,2026-08-16T18:25:45.994Z,2026-08-16T18:25:53.686Z,7.69200000,43840.00000000,43847.00000000,7.00000000,/home/arash/Projects/DrywellDT/deployments/Wetland_assimilation_MCMC/state/_current_input.json,,ok,
11,assim_calibration,3,2026-08-16T18:25:37.124Z,2026-08-16T18:39:47.129Z,850.00500000,43833.00000000,43843.00000000,10.00000000,/home/arash/Projects/DrywellDT/deployments/Wetland_assimilation_MCMC/state/state_20200110_000000.json,/home/arash/Projects/DrywellDT/deployments/Wetland_assimilation_MCMC/outputs/calibration/state_calibrated_20260816_183947.json,ok,MCMC provisional (plateaued=0)
12,forward_advance,5,2026-08-16T18:54:25.207Z,2026-08-16T18:54:34.177Z,8.97000000,43843.00000000,43846.00000000,3.00000000,/home/arash/Projects/DrywellDT/deployments/Wetland_assimilation_MCMC/state/_current_input.json,/home/arash/Projects/DrywellDT/deployments/Wetland_assimilation_MCMC/state/state_20200116_000000.json,ok,
13,forward_forecast,5,2026-08-16T18:54:34.178Z,2026-08-16T18:54:41.487Z,7.30900000,43843.00000000,43850.00000000,7.00000000,/home/arash/Projects/DrywellDT/deployments/Wetland_assimilation_MCMC/state/_current_input.json,,ok,
14,assim_calibration,4,2026-08-16T18:47:13.148Z,2026-08-16T19:04:05.548Z,1012.40000000,43833.00000000,43846.00000000,13.00000000,/home/arash/Projects/DrywellDT/deployments/Wetland_assimilation_MCMC/state/state_20200113_000000.json,/home/arash/Projects/DrywellDT/deployments/Wetland_assimilation_MCMC/outputs/calibration/state_calibrated_20260816_190405.json,ok,MCMC provisional (plateaued=0)
15,forward_advance,6,2026-08-16T19:16:01.207Z,2026-08-16T19:16:07.851Z,6.64400000,43846.00000000,43849.00000000,3.00000000,/home/arash/Projects/DrywellDT/deployments/Wetland_assimilation_MCMC/state/_current_input.json,/home/arash/Projects/DrywellDT/deployments/Wetland_assimilation_MCMC/state/state_20200119_000000.json,ok,
16,forward_forecast,6,2026-08-16T19:16:07.852Z,2026-08-16T19:16:15.131Z,7.27900000,43846.00000000,43853.00000000,7.00000000,/home/arash/Projects/DrywellDT/deployments/Wetland_assimilation_MCMC/state/_current_input.json,,ok,
17,assim_calibration,5,2026-08-16T19:08:49.217Z,2026-08-16T19:27:56.679Z,1147.46200000,43833.00000000,43849.00000000,16.00000000,/home/arash/Projects/DrywellDT/deployments/Wetland_assimilation_MCMC/state/state_20200116_000000.json,/home/arash/Projects/DrywellDT/deployments/Wetland_assimilation_MCMC/outputs/calibration/state_calibrated_20260816_192756.json,ok,MCMC provisional (plateaued=0)
18,forward_advance,7,2026-08-16T19:37:37.142Z,2026-08-16T19:37:44.441Z,7.29900000,43849.00000000,43852.00000000,3.00000000,/home/arash/Projects/DrywellDT/deployments/Wetland_assimilation_MCMC/state/_current_input.json,/home/arash/Projects/DrywellDT/deployments/Wetland_assimilation_MCMC/state/state_20200122_000000.json,ok,
19,forward_forecast,7,2026-08-16T19:37:44.442Z,2026-08-16T19:37:51.939Z,7.49700000,43849.00000000,43856.00000000,7.00000000,/home/arash/Projects/DrywellDT/deployments/Wetland_assimilation_MCMC/state/_current_input.json,,ok,
20,assim_calibration,6,2026-08-16T19:30:25.219Z,2026-08-16T19:51:03.154Z,1237.93500000,43833.00000000,43852.00000000,19.00000000,/home/arash/Projects/DrywellDT/deployments/Wetland_assimilation_MCMC/state/state_20200119_000000.json,/home/arash/Projects/DrywellDT/deployments/Wetland_assimilation_MCMC/outputs/calibration/state_calibrated_20260816_195103.json,ok,MCMC provisional (plateaued=0)
21,forward_advance,8,2026-08-16T19:59:13.161Z,2026-08-16T19:59:20.513Z,7.35200000,43852.00000000,43855.00000000,3.00000000,/home/arash/Projects/DrywellDT/deployments/Wetland_assimilation_MCMC/state/_current_input.json,/home/arash/Projects/DrywellDT/deployments/Wetland_assimilation_MCMC/state/state_20200125_000000.json,ok,
22,forward_forecast,8,2026-08-16T19:59:20.514Z,2026-08-16T19:59:28.599Z,8.08500000,43852.00000000,43859.00000000,7.00000000,/home/arash/Projects/DrywellDT/deployments/Wetland_assimilation_MCMC/state/_current_input.json,,ok,
23,assim_calibration,7,2026-08-16T19:52:01.175Z,2026-08-16T20:12:41.938Z,1240.76300000,43833.00000000,43855.00000000,22.00000000,/home/arash/Projects/DrywellDT/deployments/Wetland_assimilation_MCMC/state/state_20200122_000000.json,/home/arash/Projects/DrywellDT/deployments/Wetland_assimilation_MCMC/outputs/calibration/state_calibrated_20260816_201241.json,ok,MCMC converged (ess=23.0216)
24,forward_advance,9,2026-08-16T20:20:49.206Z,2026-08-16T20:20:56.313Z,7.10700000,43855.00000000,43858.00000000,3.00000000,/home/arash/Projects/DrywellDT/deployments/Wetland_assimilation_MCMC/state/_current_input.json,/home/arash/Projects/DrywellDT/deployments/Wetland_assimilation_MCMC/state/state_20200128_000000.json,ok,
25,forward_forecast,9,2026-08-16T20:20:56.314Z,2026-08-16T20:21:03.843Z,7.52900000,43855.00000000,43862.00000000,7.00000000,/home/arash/Projects/DrywellDT/deployments/Wetland_assimilation_MCMC/state/_current_input.json,,ok,
26,assim_calibration,8,2026-08-16T20:13:37.175Z,2026-08-16T20:34:14.219Z,1237.04400000,43833.00000000,43858.00000000,25.00000000,/home/arash/Projects/DrywellDT/deployments/Wetland_assimilation_MCMC/state/state_20200125_000000.json,/home/arash/Projects/DrywellDT/deployments/Wetland_assimilation_MCMC/outputs/calibration/state_calibrated_20260816_203414.json,ok,MCMC provisional (plateaued=0)
27,forward_advance,10,2026-08-16T20:35:13.137Z,2026-08-16T20:35:18.923Z,5.78600000,43858.00000000,43861.00000000,3.00000000,/home/arash/Projects/DrywellDT/deployments/Wetland_assimilation_MCMC/state/_current_input.json,/home/arash/Projects/DrywellDT/deployments/Wetland_assimilation_MCMC/state/state_20200131_000000.json,ok,
28,forward_forecast,10,2026-08-16T20:35:18.923Z,2026-08-16T20:35:24.857Z,5.93400000,43858.00000000,43865.00000000,7.00000000,/home/arash/Projects/DrywellDT/deployments/Wetland_assimilation_MCMC/state/_current_input.json,,ok,
29,assim_calibration,9,2026-08-16T20:35:13.135Z,2026-08-16T20:55:51.190Z,1238.05500000,43833.00000000,43861.00000000,28.00000000,/home/arash/Projects/DrywellDT/deployments/Wetland_assimilation_MCMC/state/state_20200131_000000.json,/home/arash/Projects/DrywellDT/deployments/Wetland_assimilation_MCMC/outputs/calibration/state_calibrated_20260816_205551.json,ok,MCMC provisional (plateaued=0)
30,forward_advance,11,2026-08-16T21:04:01.108Z,2026-08-16T21:04:08.343Z,7.23500000,43861.00000000,43864.00000000,3.00000000,/home/arash/Projects/DrywellDT/deployments/Wetland_assimilation_MCMC/state/_current_input.json,/home/arash/Projects/DrywellDT/deployments/Wetland_assimilation_MCMC/state/state_20200203_000000.json,ok,
31,forward_forecast,11,2026-08-16T21:04:08.344Z,2026-08-16T21:04:16.202Z,7.85800000,43861.00000000,43868.00000000,7.00000000,/home/arash/Projects/DrywellDT/deployments/Wetland_assimilation_MCMC/state/_current_input.json,,ok,
32,assim_calibration,10,2026-08-16T20:56:49.150Z,2026-08-16T21:17:28.185Z,1239.03500000,43833.00000000,43864.00000000,31.00000000,/home/arash/Projects/DrywellDT/deployments/Wetland_assimilation_MCMC/state/state_20200131_000000.json,/home/arash/Projects/DrywellDT/deployments/Wetland_assimilation_MCMC/outputs/calibration/state_calibrated_20260816_211728.json,ok,MCMC provisional (plateaued=0)
33,forward_advance,12,2026-08-16T21:18:25.139Z,2026-08-16T21:18:33.003Z,7.86400000,43864.00000000,43867.00000000,3.00000000,/home/arash/Projects/DrywellDT/deployments/Wetland_assimilation_MCMC/state/_current_input.json,/home/arash/Projects/DrywellDT/deployments/Wetland_assimilation_MCMC/state/state_20200206_000000.json,ok,
34,forward_forecast,12,2026-08-16T21:18:33.004Z,2026-08-16T21:18:40.174Z,7.17000000,43864.00000000,43871.00000000,7.00000000,/home/arash/Projects/DrywellDT/deployments/Wetland_assimilation_MCMC/state/_current_input.json,,ok,
35,assim_calibration,11,2026-08-16T21:18:25.137Z,2026-08-16T21:39:06.369Z,1241.23200000,43833.00000000,43867.00000000,34.00000000,/home/arash/Projects/DrywellDT/deployments/Wetland_assimilation_MCMC/state/state_20200203_000000.json,/home/arash/Projects/DrywellDT/deployments/Wetland_assimilation_MCMC/outputs/calibration/state_calibrated_20260816_213906.json,ok,MCMC provisional (plateaued=0)
36,forward_advance,13,2026-08-16T21:47:13.207Z,2026-08-16T21:47:20.352Z,7.14500000,43867.00000000,43870.00000000,3.00000000,/home/arash/Projects/DrywellDT/deployments/Wetland_assimilation_MCMC/state/_current_input.json,/home/arash/Projects/DrywellDT/deployments/Wetland_assimilation_MCMC/state/state_20200209_000000.json,ok,
37,forward_forecast,13,2026-08-16T21:47:20.353Z,2026-08-16T21:47:28.809Z,8.45600000,43867.00000000,43874.00000000,7.00000000,/home/arash/Projects/DrywellDT/deployments/Wetland_assimilation_MCMC/state/_current_input.json,,ok,
38,assim_calibration,12,2026-08-16T21:40:01.173Z,2026-08-16T22:00:40.341Z,1239.16800000,43833.00000000,43870.00000000,37.00000000,/home/arash/Projects/DrywellDT/deployments/Wetland_assimilation_MCMC/state/state_20200206_000000.json,/home/arash/Projects/DrywellDT/deployments/Wetland_assimilation_MCMC/outputs/calibration/state_calibrated_20260816_220040.json,ok,MCMC provisional (plateaued=0)
39,forward_advance,14,2026-08-16T22:08:49.206Z,2026-08-16T22:08:56.569Z,7.36300000,43870.00000000,43873.00000000,3.00000000,/home/arash/Projects/DrywellDT/deployments/Wetland_assimilation_MCMC/state/_current_input.json,/home/arash/Projects/DrywellDT/deployments/Wetland_assimilation_MCMC/state/state_20200212_000000.json,ok,
40,forward_forecast,14,2026-08-16T22:08:56.570Z,2026-08-16T22:09:03.750Z,7.18000000,43870.00000000,43877.00000000,7.00000000,/home/arash/Projects/DrywellDT/deployments/Wetland_assimilation_MCMC/state/_current_input.json,,ok,
41,assim_calibration,13,2026-08-16T22:01:37.178Z,2026-08-16T22:22:16.245Z,1239.06700000,43833.00000000,43873.00000000,40.00000000,/home/arash/Projects/DrywellDT/deployments/Wetland_assimilation_MCMC/state/state_20200209_000000.json,/home/arash/Projects/DrywellDT/deployments/Wetland_assimilation_MCMC/outputs/calibration/state_calibrated_20260816_222216.json,ok,MCMC provisional (plateaued=0)
42,forward_advance,15,2026-08-16T22:30:25.173Z,2026-08-16T22:30:32.098Z,6.92500000,43873.00000000,43876.00000000,3.00000000,/home/arash/Projects/DrywellDT/deployments/Wetland_assimilation_MCMC/state/_current_input.json,/home/arash/Projects/DrywellDT/deployments/Wetland_assimilation_MCMC/state/state_20200215_000000.json,ok,
43,forward_forecast,15,2026-08-16T22:30:32.099Z,2026-08-16T22:30:39.647Z,7.54800000,43873.00000000,43880.00000000,7.00000000,/home/arash/Projects/DrywellDT/deployments/Wetland_assimilation_MCMC/state/_current_input.json,,ok,
44,assim_calibration,14,2026-08-16T22:23:13.170Z,2026-08-16T22:43:59.984Z,1246.81400000,43833.00000000,43876.00000000,43.00000000,/home/arash/Projects/DrywellDT/deployments/Wetland_assimilation_MCMC/state/state_20200212_000000.json,/home/arash/Projects/DrywellDT/deployments/Wetland_assimilation_MCMC/outputs/calibration/state_calibrated_20260816_224359.json,ok,MCMC provisional (plateaued=0)
45,forward_advance,16,2026-08-16T22:52:01.207Z,2026-08-16T22:52:08.504Z,7.29700000,43876.00000000,43879.00000000,3.00000000,/home/arash/Projects/DrywellDT/deployments/Wetland_assimilation_MCMC/state/_current_input.json,/home/arash/Projects/DrywellDT/deployments/Wetland_assimilation_MCMC/state/state_20200218_000000.json,ok,
46,forward_forecast,16,2026-08-16T22:52:08.505Z,2026-08-16T22:52:16.247Z,7.74200000,43876.00000000,43883.00000000,7.00000000,/home/arash/Projects/DrywellDT/deployments/Wetland_assimilation_MCMC/state/_current_input.json,,ok,
47,assim_calibration,15,2026-08-16T22:44:49.172Z,2026-08-16T23:05:33.491Z,1244.31900000,43833.00000000,43879.00000000,46.00000000,/home/arash/Projects/DrywellDT/deployments/Wetland_assimilation_MCMC/state/state_20200215_000000.json,/home/arash/Projects/DrywellDT/deployments/Wetland_assimilation_MCMC/outputs/calibration/state_calibrated_20260816_230533.json,ok,MCMC converged (ess=39.8969)
48,forward_advance,17,2026-08-16T23:13:37.206Z,2026-08-16T23:13:44.971Z,7.76500000,43879.00000000,43882.00000000,3.00000000,/home/arash/Projects/DrywellDT/deployments/Wetland_assimilation_MCMC/state/_current_input.json,/home/arash/Projects/DrywellDT/deployments/Wetland_assimilation_MCMC/state/state_20200221_000000.json,ok,
49,forward_forecast,17,2026-08-16T23:13:44.971Z,2026-08-16T23:13:52.292Z,7.32100000,43879.00000000,43886.00000000,7.00000000,/home/arash/Projects/DrywellDT/deployments/Wetland_assimilation_MCMC/state/_current_input.json,,ok,
50,assim_calibration,16,2026-08-16T23:06:25.172Z,2026-08-16T23:27:13.832Z,1248.66000000,43833.00000000,43882.00000000,49.00000000,/home/arash/Projects/DrywellDT/deployments/Wetland_assimilation_MCMC/state/state_20200218_000000.json,/home/arash/Projects/DrywellDT/deployments/Wetland_assimilation_MCMC/outputs/calibration/state_calibrated_20260816_232713.json,ok,MCMC provisional (plateaued=0)
51,forward_advance,18,2026-08-16T23:35:13.206Z,2026-08-16T23:35:20.434Z,7.22800000,43882.00000000,43885.00000000,3.00000000,/home/arash/Projects/DrywellDT/deployments/Wetland_assimilation_MCMC/state/_current_input.json,/home/arash/Projects/DrywellDT/deployments/Wetland_assimilation_MCMC/state/state_20200224_000000.json,ok,
52,forward_forecast,18,2026-08-16T23:35:20.435Z,2026-08-16T23:35:27.884Z,7.44900000,43882.00000000,43889.00000000,7.00000000,/home/arash/Projects/DrywellDT/deployments/Wetland_assimilation_MCMC/state/_current_input.json,,ok,
53,assim_calibration,17,2026-08-16T23:28:01.171Z,2026-08-16T23:48:40.574Z,1239.40300000,43833.00000000,43885.00000000,52.00000000,/home/arash/Projects/DrywellDT/deployments/Wetland_assimilation_MCMC/state/state_20200221_000000.json,/home/arash/Projects/DrywellDT/deployments/Wetland_assimilation_MCMC/outputs/calibration/state_calibrated_20260816_234840.json,ok,MCMC converged (ess=35.5865)
54,forward_advance,19,2026-08-16T23:56:49.206Z,2026-08-16T23:56:56.471Z,7.26500000,43885.00000000,43888.00000000,3.00000000,/home/arash/Projects/DrywellDT/deployments/Wetland_assimilation_MCMC/state/_current_input.json,/home/arash/Projects/DrywellDT/deployments/Wetland_assimilation_MCMC/state/state_20200227_000000.json,ok,
55,forward_forecast,19,2026-08-16T23:56:56.472Z,2026-08-16T23:57:03.155Z,6.68300000,43885.00000000,43892.00000000,7.00000000,/home/arash/Projects/DrywellDT/deployments/Wetland_assimilation_MCMC/state/_current_input.json,,ok,
56,assim_calibration,18,2026-08-16T23:49:37.181Z,2026-08-17T00:10:21.670Z,1244.48900000,43833.00000000,43888.00000000,55.00000000,/home/arash/Projects/DrywellDT/deployments/Wetland_assimilation_MCMC/state/state_20200224_000000.json,/home/arash/Projects/DrywellDT/deployments/Wetland_assimilation_MCMC/outputs/calibration/state_calibrated_20260817_001021.json,ok,MCMC provisional (plateaued=0)
57,forward_advance,20,2026-08-17T00:18:25.175Z,2026-08-17T00:18:32.082Z,6.90700000,43888.00000000,43891.00000000,3.00000000,/home/arash/Projects/DrywellDT/deployments/Wetland_assimilation_MCMC/state/_current_input.json,/home/arash/Projects/DrywellDT/deployments/Wetland_assimilation_MCMC/state/state_20200301_000000.json,ok,
58,forward_forecast,20,2026-08-17T00:18:32.083Z,2026-08-17T00:18:39.490Z,7.40700000,43888.00000000,43895.00000000,7.00000000,/home/arash/Projects/DrywellDT/deployments/Wetland_assimilation_MCMC/state/_current_input.json,,ok,
59,assim_calibration,19,2026-08-17T00:11:13.175Z,2026-08-17T00:32:02.437Z,1249.26200000,43833.00000000,43891.00000000,58.00000000,/home/arash/Projects/DrywellDT/deployments/Wetland_assimilation_MCMC/state/state_20200227_000000.json,/home/arash/Projects/DrywellDT/deployments/Wetland_assimilation_MCMC/outputs/calibration/state_calibrated_20260817_003202.json,ok,MCMC provisional (plateaued=0)
60,forward_advance,21,2026-08-17T00:32:49.129Z,2026-08-17T00:32:56.410Z,7.28100000,43891.00000000,43894.00000000,3.00000000,/home/arash/Projects/DrywellDT/deployments/Wetland_assimilation_MCMC/state/_current_input.json,/home/arash/Projects/DrywellDT/deployments/Wetland_assimilation_MCMC/state/state_20200304_000000.json,ok,
61,forward_forecast,21,2026-08-17T00:32:56.411Z,2026-08-17T00:33:03.838Z,7.42700000,43891.00000000,43898.00000000,7.00000000,/home/arash/Projects/DrywellDT/deployments/Wetland_assimilation_MCMC/state/_current_input.json,,ok,
62,assim_calibration,20,2026-08-17T00:32:49.128Z,2026-08-17T00:53:39.724Z,1250.59600000,43833.00000000,43894.00000000,61.00000000,/home/arash/Projects/DrywellDT/deployments/Wetland_assimilation_MCMC/state/state_20200304_000000.json,/home/arash/Projects/DrywellDT/deployments/Wetland_assimilation_MCMC/outputs/calibration/state_calibrated_20260817_005339.json,ok,MCMC provisional (plateaued=0)
63,forward_advance,22,2026-08-17T01:01:37.171Z,2026-08-17T01:01:44.545Z,7.37400000,43894.00000000,43897.00000000,3.00000000,/home/arash/Projects/DrywellDT/deployments/Wetland_assimilation_MCMC/state/_current_input.json,/home/arash/Projects/DrywellDT/deployments/Wetland_assimilation_MCMC/state/state_20200307_000000.json,ok,
64,forward_forecast,22,2026-08-17T01:01:44.546Z,2026-08-17T01:01:51.521Z,6.97500000,43894.00000000,43901.00000000,7.00000000,/home/arash/Projects/DrywellDT/deployments/Wetland_assimilation_MCMC/state/_current_input.json,,ok,
65,assim_calibration,21,2026-08-17T00:54:25.159Z,2026-08-17T01:15:06.186Z,1241.02700000,43833.00000000,43897.00000000,64.00000000,/home/arash/Projects/DrywellDT/deployments/Wetland_assimilation_MCMC/state/state_20200304_000000.json,/home/arash/Projects/DrywellDT/deployments/Wetland_assimilation_MCMC/outputs/calibration/state_calibrated_20260817_011506.json,ok,MCMC provisional (plateaued=0.125)
66,forward_advance,23,2026-08-17T01:23:13.152Z,2026-08-17T01:23:20.524Z,7.37200000,43897.00000000,43900.00000000,3.00000000,/home/arash/Projects/DrywellDT/deployments/Wetland_assimilation_MCMC/state/_current_input.json,/home/arash/Projects/DrywellDT/deployments/Wetland_assimilation_MCMC/state/state_20200310_000000.json,ok,
67,forward_forecast,23,2026-08-17T01:23:20.525Z,2026-08-17T01:23:28.219Z,7.69400000,43897.00000000,43904.00000000,7.00000000,/home/arash/Projects/DrywellDT/deployments/Wetland_assimilation_MCMC/state/_current_input.json,,ok,
68,assim_calibration,22,2026-08-17T01:16:01.138Z,2026-08-17T01:36:50.594Z,1249.45600000,43833.00000000,43900.00000000,67.00000000,/home/arash/Projects/DrywellDT/deployments/Wetland_assimilation_MCMC/state/state_20200307_000000.json,/home/arash/Projects/DrywellDT/deployments/Wetland_assimilation_MCMC/outputs/calibration/state_calibrated_20260817_013650.json,ok,MCMC converged (ess=55.7036)
69,forward_advance,24,2026-08-17T01:44:49.193Z,2026-08-17T01:44:56.422Z,7.22900000,43900.00000000,43903.00000000,3.00000000,/home/arash/Projects/DrywellDT/deployments/Wetland_assimilation_MCMC/state/_current_input.json,/home/arash/Projects/DrywellDT/deployments/Wetland_assimilation_MCMC/state/state_20200313_000000.json,ok,
70,forward_forecast,24,2026-08-17T01:44:56.423Z,2026-08-17T01:45:03.771Z,7.34800000,43900.00000000,43907.00000000,7.00000000,/home/arash/Projects/DrywellDT/deployments/Wetland_assimilation_MCMC/state/_current_input.json,,ok,
71,assim_calibration,23,2026-08-17T01:37:37.173Z,2026-08-17T01:58:16.849Z,1239.67600000,43833.00000000,43903.00000000,70.00000000,/home/arash/Projects/DrywellDT/deployments/Wetland_assimilation_MCMC/state/state_20200310_000000.json,/home/arash/Projects/DrywellDT/deployments/Wetland_assimilation_MCMC/outputs/calibration/state_calibrated_20260817_015816.json,ok,MCMC converged (ess=9)
72,forward_advance,25,2026-08-17T02:06:25.206Z,2026-08-17T02:06:32.580Z,7.37400000,43903.00000000,43906.00000000,3.00000000,/home/arash/Projects/DrywellDT/deployments/Wetland_assimilation_MCMC/state/_current_input.json,/home/arash/Projects/DrywellDT/deployments/Wetland_assimilation_MCMC/state/state_20200316_000000.json,ok,
73,forward_forecast,25,2026-08-17T02:06:32.581Z,2026-08-17T02:06:40.205Z,7.62400000,43903.00000000,43910.00000000,7.00000000,/home/arash/Projects/DrywellDT/deployments/Wetland_assimilation_MCMC/state/_current_input.json,,ok,
74,assim_calibration,24,2026-08-17T01:59:13.183Z,2026-08-17T02:19:56.017Z,1242.83400000,43833.00000000,43906.00000000,73.00000000,/home/arash/Projects/DrywellDT/deployments/Wetland_assimilation_MCMC/state/state_20200313_000000.json,/home/arash/Projects/DrywellDT/deployments/Wetland_assimilation_MCMC/outputs/calibration/state_calibrated_20260817_021956.json,ok,MCMC converged (ess=25.1137)
75,forward_advance,26,2026-08-17T02:28:01.206Z,2026-08-17T02:28:07.676Z,6.47000000,43906.00000000,43909.00000000,3.00000000,/home/arash/Projects/DrywellDT/deployments/Wetland_assimilation_MCMC/state/_current_input.json,/home/arash/Projects/DrywellDT/deployments/Wetland_assimilation_MCMC/state/state_20200319_000000.json,ok,
76,forward_forecast,26,2026-08-17T02:28:07.677Z,2026-08-17T02:28:14.555Z,6.87800000,43906.00000000,43913.00000000,7.00000000,/home/arash/Projects/DrywellDT/deployments/Wetland_assimilation_MCMC/state/_current_input.json,,ok,
77,assim_calibration,25,2026-08-17T02:20:49.178Z,2026-08-17T02:41:34.668Z,1245.49000000,43833.00000000,43909.00000000,76.00000000,/home/arash/Projects/DrywellDT/deployments/Wetland_assimilation_MCMC/state/state_20200316_000000.json,/home/arash/Projects/DrywellDT/deployments/Wetland_assimilation_MCMC/outputs/calibration/state_calibrated_20260817_024134.json,ok,MCMC provisional (plateaued=0.125)
78,forward_advance,27,2026-08-17T02:49:37.207Z,2026-08-17T02:49:44.318Z,7.11100000,43909.00000000,43912.00000000,3.00000000,/home/arash/Projects/DrywellDT/deployments/Wetland_assimilation_MCMC/state/_current_input.json,/home/arash/Projects/DrywellDT/deployments/Wetland_assimilation_MCMC/state/state_20200322_000000.json,ok,
79,forward_forecast,27,2026-08-17T02:49:44.319Z,2026-08-17T02:49:49.811Z,5.49200000,43909.00000000,43916.00000000,7.00000000,/home/arash/Projects/DrywellDT/deployments/Wetland_assimilation_MCMC/state/_current_input.json,,ok,
80,assim_calibration,26,2026-08-17T02:42:25.219Z,2026-08-17T03:03:20.567Z,1255.34800000,43833.00000000,43912.00000000,79.00000000,/home/arash/Projects/DrywellDT/deployments/Wetland_assimilation_MCMC/state/state_20200319_000000.json,/home/arash/Projects/DrywellDT/deployments/Wetland_assimilation_MCMC/outputs/calibration/state_calibrated_20260817_030320.json,ok,MCMC provisional (plateaued=0)
81,forward_advance,28,2026-08-17T03:11:13.207Z,2026-08-17T03:11:19.970Z,6.76300000,43912.00000000,43915.00000000,3.00000000,/home/arash/Projects/DrywellDT/deployments/Wetland_assimilation_MCMC/state/_current_input.json,/home/arash/Projects/DrywellDT/deployments/Wetland_assimilation_MCMC/state/state_20200325_000000.json,ok,
82,forward_forecast,28,2026-08-17T03:11:19.971Z,2026-08-17T03:11:27.327Z,7.35600000,43912.00000000,43919.00000000,7.00000000,/home/arash/Projects/DrywellDT/deployments/Wetland_assimilation_MCMC/state/_current_input.json,,ok,
83,assim_calibration,27,2026-08-17T03:04:01.201Z,2026-08-17T03:24:54.493Z,1253.29200000,43833.00000000,43915.00000000,82.00000000,/home/arash/Projects/DrywellDT/deployments/Wetland_assimilation_MCMC/state/state_20200322_000000.json,/home/arash/Projects/DrywellDT/deployments/Wetland_assimilation_MCMC/outputs/calibration/state_calibrated_20260817_032454.json,ok,MCMC converged (ess=28.8367)
84,forward_advance,29,2026-08-17T03:32:49.207Z,2026-08-17T03:32:56.235Z,7.02800000,43915.00000000,43918.00000000,3.00000000,/home/arash/Projects/DrywellDT/deployments/Wetland_assimilation_MCMC/state/_current_input.json,/home/arash/Projects/DrywellDT/deployments/Wetland_assimilation_MCMC/state/state_20200328_000000.json,ok,
85,forward_forecast,29,2026-08-17T03:32:56.236Z,2026-08-17T03:33:04.325Z,8.08900000,43915.00000000,43922.00000000,7.00000000,/home/arash/Projects/DrywellDT/deployments/Wetland_assimilation_MCMC/state/_current_input.json,,ok,
86,assim_calibration,28,2026-08-17T03:25:37.171Z,2026-08-17T03:46:34.645Z,1257.47400000,43833.00000000,43918.00000000,85.00000000,/home/arash/Projects/DrywellDT/deployments/Wetland_assimilation_MCMC/state/state_20200325_000000.json,/home/arash/Projects/DrywellDT/deployments/Wetland_assimilation_MCMC/outputs/calibration/state_calibrated_20260817_034634.json,ok,MCMC provisional (plateaued=0.125)
87,forward_advance,30,2026-08-17T03:54:25.185Z,2026-08-17T03:54:32.206Z,7.02100000,43918.00000000,43921.00000000,3.00000000,/home/arash/Projects/DrywellDT/deployments/Wetland_assimilation_MCMC/state/_current_input.json,/home/arash/Projects/DrywellDT/deployments/Wetland_assimilation_MCMC/state/state_20200331_000000.json,ok,
88,forward_forecast,30,2026-08-17T03:54:32.207Z,2026-08-17T03:54:39.318Z,7.11100000,43918.00000000,43925.00000000,7.00000000,/home/arash/Projects/DrywellDT/deployments/Wetland_assimilation_MCMC/state/_current_input.json,,ok,
89,assim_calibration,29,2026-08-17T03:47:13.161Z,2026-08-17T04:08:10.936Z,1257.77500000,43833.00000000,43921.00000000,88.00000000,/home/arash/Projects/DrywellDT/deployments/Wetland_assimilation_MCMC/state/state_20200328_000000.json,/home/arash/Projects/DrywellDT/deployments/Wetland_assimilation_MCMC/outputs/calibration/state_calibrated_20260817_040810.json,ok,MCMC converged (ess=21.5644)
90,forward_advance,31,2026-08-17T04:16:01.121Z,2026-08-17T04:16:08.398Z,7.27700000,43921.00000000,43924.00000000,3.00000000,/home/arash/Projects/DrywellDT/deployments/Wetland_assimilation_MCMC/state/_current_input.json,/home/arash/Projects/DrywellDT/deployments/Wetland_assimilation_MCMC/state/state_20200403_000000.json,ok,
91,forward_forecast,31,2026-08-17T04:16:08.399Z,2026-08-17T04:16:15.587Z,7.18800000,43921.00000000,43928.00000000,7.00000000,/home/arash/Projects/DrywellDT/deployments/Wetland_assimilation_MCMC/state/_current_input.json,,ok,
92,assim_calibration,30,2026-08-17T04:08:49.167Z,2026-08-17T04:29:40.900Z,1251.73300000,43833.00000000,43924.00000000,91.00000000,/home/arash/Projects/DrywellDT/deployments/Wetland_assimilation_MCMC/state/state_20200331_000000.json,/home/arash/Projects/DrywellDT/deployments/Wetland_assimilation_MCMC/outputs/calibration/state_calibrated_20260817_042940.json,ok,MCMC converged (ess=51.0438)
93,forward_advance,32,2026-08-17T04:37:37.134Z,2026-08-17T04:37:44.502Z,7.36800000,43924.00000000,43927.00000000,3.00000000,/home/arash/Projects/DrywellDT/deployments/Wetland_assimilation_MCMC/state/_current_input.json,/home/arash/Projects/DrywellDT/deployments/Wetland_assimilation_MCMC/state/state_20200406_000000.json,ok,
94,forward_forecast,32,2026-08-17T04:37:44.503Z,2026-08-17T04:37:51.422Z,6.91900000,43924.00000000,43931.00000000,7.00000000,/home/arash/Projects/DrywellDT/deployments/Wetland_assimilation_MCMC/state/_current_input.json,,ok,
95,assim_calibration,31,2026-08-17T04:30:25.175Z,2026-08-17T04:51:21.953Z,1256.77800000,43833.00000000,43927.00000000,94.00000000,/home/arash/Projects/DrywellDT/deployments/Wetland_assimilation_MCMC/state/state_20200403_000000.json,/home/arash/Projects/DrywellDT/deployments/Wetland_assimilation_MCMC/outputs/calibration/state_calibrated_20260817_045121.json,ok,MCMC converged (ess=47.1929)
96,forward_advance,33,2026-08-17T04:59:13.207Z,2026-08-17T04:59:20.169Z,6.96200000,43927.00000000,43930.00000000,3.00000000,/home/arash/Projects/DrywellDT/deployments/Wetland_assimilation_MCMC/state/_current_input.json,/home/arash/Projects/DrywellDT/deployments/Wetland_assimilation_MCMC/state/state_20200409_000000.json,ok,
97,forward_forecast,33,2026-08-17T04:59:20.170Z,2026-08-17T04:59:27.709Z,7.53900000,43927.00000000,43934.00000000,7.00000000,/home/arash/Projects/DrywellDT/deployments/Wetland_assimilation_MCMC/state/_current_input.json,,ok,
98,assim_calibration,32,2026-08-17T04:52:01.169Z,2026-08-17T05:13:03.742Z,1262.57300000,43833.00000000,43930.00000000,97.00000000,/home/arash/Projects/DrywellDT/deployments/Wetland_assimilation_MCMC/state/state_20200406_000000.json,/home/arash/Projects/DrywellDT/deployments/Wetland_assimilation_MCMC/outputs/calibration/state_calibrated_20260817_051303.json,ok,MCMC converged (ess=35.0532)
99,forward_advance,34,2026-08-17T05:20:49.207Z,2026-08-17T05:20:56.412Z,7.20500000,43930.00000000,43933.00000000,3.00000000,/home/arash/Projects/DrywellDT/deployments/Wetland_assimilation_MCMC/state/_current_input.json,/home/arash/Projects/DrywellDT/deployments/Wetland_assimilation_MCMC/state/state_20200412_000000.json,ok,
100,forward_forecast,34,2026-08-17T05:20:56.413Z,2026-08-17T05:21:03.652Z,7.23900000,43930.00000000,43937.00000000,7.00000000,/home/arash/Projects/DrywellDT/deployments/Wetland_assimilation_MCMC/state/_current_input.json,,ok,
101,assim_calibration,33,2026-08-17T05:13:37.162Z,2026-08-17T05:34:31.865Z,1254.70300000,43833.00000000,43933.00000000,100.00000000,/home/arash/Projects/DrywellDT/deployments/Wetland_assimilation_MCMC/state/state_20200409_000000.json,/home/arash/Projects/DrywellDT/deployments/Wetland_assimilation_MCMC/outputs/calibration/state_calibrated_20260817_053431.json,ok,MCMC converged (ess=40.0132)
102,forward_advance,35,2026-08-17T05:42:25.171Z,2026-08-17T05:42:32.138Z,6.96700000,43933.00000000,43936.00000000,3.00000000,/home/arash/Projects/DrywellDT/deployments/Wetland_assimilation_MCMC/state/_current_input.json,/home/arash/Projects/DrywellDT/deployments/Wetland_assimilation_MCMC/state/state_20200415_000000.json,ok,
103,forward_forecast,35,2026-08-17T05:42:32.139Z,2026-08-17T05:42:39.547Z,7.40800000,43933.00000000,43940.00000000,7.00000000,/home/arash/Projects/DrywellDT/deployments/Wetland_assimilation_MCMC/state/_current_input.json,,ok,
104,assim_calibration,34,2026-08-17T05:35:13.164Z,2026-08-17T05:55:56.366Z,1243.20200000,43836.00000000,43936.00000000,100.00000000,/home/arash/Projects/DrywellDT/deployments/Wetland_assimilation_MCMC/state/state_20200412_000000.json,/home/arash/Projects/DrywellDT/deployments/Wetland_assimilation_MCMC/outputs/calibration/state_calibrated_20260817_055556.json,ok,MCMC provisional (plateaued=0)
105,forward_advance,36,2026-08-17T06:04:01.162Z,2026-08-17T06:04:08.156Z,6.99400000,43936.00000000,43939.00000000,3.00000000,/home/arash/Projects/DrywellDT/deployments/Wetland_assimilation_MCMC/state/_current_input.json,/home/arash/Projects/DrywellDT/deployments/Wetland_assimilation_MCMC/state/state_20200418_000000.json,ok,
106,forward_forecast,36,2026-08-17T06:04:08.157Z,2026-08-17T06:04:15.287Z,7.13000000,43936.00000000,43943.00000000,7.00000000,/home/arash/Projects/DrywellDT/deployments/Wetland_assimilation_MCMC/state/_current_input.json,,ok,
107,assim_calibration,35,2026-08-17T05:56:49.184Z,2026-08-17T06:17:29.204Z,1240.02000000,43839.00000000,43939.00000000,100.00000000,/home/arash/Projects/DrywellDT/deployments/Wetland_assimilation_MCMC/state/state_20200415_000000.json,/home/arash/Projects/DrywellDT/deployments/Wetland_assimilation_MCMC/outputs/calibration/state_calibrated_20260817_061729.json,ok,MCMC provisional (plateaued=0)
108,forward_advance,37,2026-08-17T06:25:37.204Z,2026-08-17T06:25:44.660Z,7.45600000,43939.00000000,43942.00000000,3.00000000,/home/arash/Projects/DrywellDT/deployments/Wetland_assimilation_MCMC/state/_current_input.json,/home/arash/Projects/DrywellDT/deployments/Wetland_assimilation_MCMC/state/state_20200421_000000.json,ok,
109,forward_forecast,37,2026-08-17T06:25:44.661Z,2026-08-17T06:25:51.979Z,7.31800000,43939.00000000,43946.00000000,7.00000000,/home/arash/Projects/DrywellDT/deployments/Wetland_assimilation_MCMC/state/_current_input.json,,ok,
110,assim_calibration,36,2026-08-17T06:18:25.170Z,2026-08-17T06:39:25.805Z,1260.63500000,43842.00000000,43942.00000000,100.00000000,/home/arash/Projects/DrywellDT/deployments/Wetland_assimilation_MCMC/state/state_20200418_000000.json,/home/arash/Projects/DrywellDT/deployments/Wetland_assimilation_MCMC/outputs/calibration/state_calibrated_20260817_063925.json,ok,MCMC provisional (plateaued=0)
111,forward_advance,38,2026-08-17T06:47:13.174Z,2026-08-17T06:47:20.885Z,7.71100000,43942.00000000,43945.00000000,3.00000000,/home/arash/Projects/DrywellDT/deployments/Wetland_assimilation_MCMC/state/_current_input.json,/home/arash/Projects/DrywellDT/deployments/Wetland_assimilation_MCMC/state/state_20200424_000000.json,ok,
112,forward_forecast,38,2026-08-17T06:47:20.886Z,2026-08-17T06:47:28.584Z,7.69800000,43942.00000000,43949.00000000,7.00000000,/home/arash/Projects/DrywellDT/deployments/Wetland_assimilation_MCMC/state/_current_input.json,,ok,
113,assim_calibration,37,2026-08-17T06:40:01.154Z,2026-08-17T07:00:49.765Z,1248.61100000,43845.00000000,43945.00000000,100.00000000,/home/arash/Projects/DrywellDT/deployments/Wetland_assimilation_MCMC/state/state_20200421_000000.json,/home/arash/Projects/DrywellDT/deployments/Wetland_assimilation_MCMC/outputs/calibration/state_calibrated_20260817_070049.json,ok,MCMC provisional (plateaued=0)
114,forward_advance,39,2026-08-17T07:08:49.207Z,2026-08-17T07:08:56.695Z,7.48800000,43945.00000000,43948.00000000,3.00000000,/home/arash/Projects/DrywellDT/deployments/Wetland_assimilation_MCMC/state/_current_input.json,/home/arash/Projects/DrywellDT/deployments/Wetland_assimilation_MCMC/state/state_20200427_000000.json,ok,
115,forward_forecast,39,2026-08-17T07:08:56.696Z,2026-08-17T07:09:01.466Z,4.77000000,43945.00000000,43952.00000000,7.00000000,/home/arash/Projects/DrywellDT/deployments/Wetland_assimilation_MCMC/state/_current_input.json,,ok,
116,assim_calibration,38,2026-08-17T07:01:37.178Z,2026-08-17T07:22:19.270Z,1242.09200000,43848.00000000,43948.00000000,100.00000000,/home/arash/Projects/DrywellDT/deployments/Wetland_assimilation_MCMC/state/state_20200424_000000.json,/home/arash/Projects/DrywellDT/deployments/Wetland_assimilation_MCMC/outputs/calibration/state_calibrated_20260817_072219.json,ok,MCMC provisional (plateaued=0)
117,forward_advance,40,2026-08-17T07:30:25.207Z,2026-08-17T07:30:32.256Z,7.04900000,43948.00000000,43951.00000000,3.00000000,/home/arash/Projects/DrywellDT/deployments/Wetland_assimilation_MCMC/state/_current_input.json,/home/arash/Projects/DrywellDT/deployments/Wetland_assimilation_MCMC/state/state_20200430_000000.json,ok,
118,forward_forecast,40,2026-08-17T07:30:32.257Z,2026-08-17T07:30:39.279Z,7.02200000,43948.00000000,43955.00000000,7.00000000,/home/arash/Projects/DrywellDT/deployments/Wetland_assimilation_MCMC/state/_current_input.json,,ok,
119,assim_calibration,39,2026-08-17T07:23:13.189Z,2026-08-17T07:44:03.907Z,1250.71800000,43851.00000000,43951.00000000,100.00000000,/home/arash/Projects/DrywellDT/deployments/Wetland_assimilation_MCMC/state/state_20200427_000000.json,/home/arash/Projects/DrywellDT/deployments/Wetland_assimilation_MCMC/outputs/calibration/state_calibrated_20260817_074403.json,ok,MCMC provisional (plateaued=0)
120,forward_advance,41,2026-08-17T07:52:01.206Z,2026-08-17T07:52:08.328Z,7.12200000,43951.00000000,43954.00000000,3.00000000,/home/arash/Projects/DrywellDT/deployments/Wetland_assimilation_MCMC/state/_current_input.json,/home/arash/Projects/DrywellDT/deployments/Wetland_assimilation_MCMC/state/state_20200503_000000.json,ok,
121,forward_forecast,41,2026-08-17T07:52:08.329Z,2026-08-17T07:52:15.575Z,7.24600000,43951.00000000,43958.00000000,7.00000000,/home/arash/Projects/DrywellDT/deployments/Wetland_assimilation_MCMC/state/_current_input.json,,ok,
122,assim_calibration,40,2026-08-17T07:44:49.175Z,2026-08-17T08:05:38.853Z,1249.67800000,43854.00000000,43954.00000000,100.00000000,/home/arash/Projects/DrywellDT/deployments/Wetland_assimilation_MCMC/state/state_20200430_000000.json,/home/arash/Projects/DrywellDT/deployments/Wetland_assimilation_MCMC/outputs/calibration/state_calibrated_20260817_080538.json,ok,MCMC provisional (plateaued=0)
123,forward_advance,42,2026-08-17T08:13:37.206Z,2026-08-17T08:13:43.882Z,6.67600000,43954.00000000,43957.00000000,3.00000000,/home/arash/Projects/DrywellDT/deployments/Wetland_assimilation_MCMC/state/_current_input.json,/home/arash/Projects/DrywellDT/deployments/Wetland_assimilation_MCMC/state/state_20200506_000000.json,ok,
124,forward_forecast,42,2026-08-17T08:13:43.883Z,2026-08-17T08:13:50.848Z,6.96500000,43954.00000000,43961.00000000,7.00000000,/home/arash/Projects/DrywellDT/deployments/Wetland_assimilation_MCMC/state/_current_input.json,,ok,
125,assim_calibration,41,2026-08-17T08:06:25.177Z,2026-08-17T08:27:30.877Z,1265.70000000,43857.00000000,43957.00000000,100.00000000,/home/arash/Projects/DrywellDT/deployments/Wetland_assimilation_MCMC/state/state_20200503_000000.json,/home/arash/Projects/DrywellDT/deployments/Wetland_assimilation_MCMC/outputs/calibration/state_calibrated_20260817_082730.json,ok,MCMC provisional (plateaued=0)
126,forward_advance,43,2026-08-17T08:35:13.207Z,2026-08-17T08:35:17.792Z,4.58500000,43957.00000000,43960.00000000,3.00000000,/home/arash/Projects/DrywellDT/deployments/Wetland_assimilation_MCMC/state/_current_input.json,/home/arash/Projects/DrywellDT/deployments/Wetland_assimilation_MCMC/state/state_20200509_000000.json,ok,
127,forward_forecast,43,2026-08-17T08:35:17.793Z,2026-08-17T08:35:25.300Z,7.50700000,43957.00000000,43964.00000000,7.00000000,/home/arash/Projects/DrywellDT/deployments/Wetland_assimilation_MCMC/state/_current_input.json,,ok,
128,assim_calibration,42,2026-08-17T08:28:01.142Z,2026-08-17T08:48:54.844Z,1253.70200000,43860.00000000,43960.00000000,100.00000000,/home/arash/Projects/DrywellDT/deployments/Wetland_assimilation_MCMC/state/state_20200506_000000.json,/home/arash/Projects/DrywellDT/deployments/Wetland_assimilation_MCMC/outputs/calibration/state_calibrated_20260817_084854.json,ok,MCMC provisional (plateaued=0)
129,forward_advance,44,2026-08-17T08:49:37.143Z,2026-08-17T08:49:45.334Z,8.19100000,43960.00000000,43963.00000000,3.00000000,/home/arash/Projects/DrywellDT/deployments/Wetland_assimilation_MCMC/state/_current_input.json,/home/arash/Projects/DrywellDT/deployments/Wetland_assimilation_MCMC/state/state_20200512_000000.json,ok,
130,forward_forecast,44,2026-08-17T08:49:45.336Z,2026-08-17T08:49:53.361Z,8.02500000,43960.00000000,43967.00000000,7.00000000,/home/arash/Projects/DrywellDT/deployments/Wetland_assimilation_MCMC/state/_current_input.json,,ok,
131,assim_calibration,43,2026-08-17T08:49:37.143Z,2026-08-17T09:10:36.768Z,1259.62500000,43863.00000000,43963.00000000,100.00000000,/home/arash/Projects/DrywellDT/deployments/Wetland_assimilation_MCMC/state/state_20200512_000000.json,/home/arash/Projects/DrywellDT/deployments/Wetland_assimilation_MCMC/outputs/calibration/state_calibrated_20260817_091036.json,ok,MCMC provisional (plateaued=0)
132,forward_advance,45,2026-08-17T09:18:25.161Z,2026-08-17T09:18:32.448Z,7.28700000,43963.00000000,43966.00000000,3.00000000,/home/arash/Projects/DrywellDT/deployments/Wetland_assimilation_MCMC/state/_current_input.json,/home/arash/Projects/DrywellDT/deployments/Wetland_assimilation_MCMC/state/state_20200515_000000.json,ok,
133,forward_forecast,45,2026-08-17T09:18:32.449Z,2026-08-17T09:18:40.550Z,8.10100000,43963.00000000,43970.00000000,7.00000000,/home/arash/Projects/DrywellDT/deployments/Wetland_assimilation_MCMC/state/_current_input.json,,ok,
134,assim_calibration,44,2026-08-17T09:11:13.164Z,2026-08-17T09:31:59.813Z,1246.64900000,43866.00000000,43966.00000000,100.00000000,/home/arash/Projects/DrywellDT/deployments/Wetland_assimilation_MCMC/state/state_20200512_000000.json,/home/arash/Projects/DrywellDT/deployments/Wetland_assimilation_MCMC/outputs/calibration/state_calibrated_20260817_093159.json,ok,MCMC provisional (plateaued=0)
135,forward_advance,46,2026-08-17T09:40:01.207Z,2026-08-17T09:40:08.055Z,6.84800000,43966.00000000,43969.00000000,3.00000000,/home/arash/Projects/DrywellDT/deployments/Wetland_assimilation_MCMC/state/_current_input.json,/home/arash/Projects/DrywellDT/deployments/Wetland_assimilation_MCMC/state/state_20200518_000000.json,ok,
136,forward_forecast,46,2026-08-17T09:40:08.056Z,2026-08-17T09:40:15.394Z,7.33800000,43966.00000000,43973.00000000,7.00000000,/home/arash/Projects/DrywellDT/deployments/Wetland_assimilation_MCMC/state/_current_input.json,,ok,
137,assim_calibration,45,2026-08-17T09:32:49.196Z,2026-08-17T09:53:55.793Z,1266.59700000,43869.00000000,43969.00000000,100.00000000,/home/arash/Projects/DrywellDT/deployments/Wetland_assimilation_MCMC/state/state_20200515_000000.json,/home/arash/Projects/DrywellDT/deployments/Wetland_assimilation_MCMC/outputs/calibration/state_calibrated_20260817_095355.json,ok,MCMC provisional (plateaued=0)
138,forward_advance,47,2026-08-17T10:01:37.207Z,2026-08-17T10:01:44.811Z,7.60400000,43969.00000000,43972.00000000,3.00000000,/home/arash/Projects/DrywellDT/deployments/Wetland_assimilation_MCMC/state/_current_input.json,/home/arash/Projects/DrywellDT/deployments/Wetland_assimilation_MCMC/state/state_20200521_000000.json,ok,
139,forward_forecast,47,2026-08-17T10:01:44.812Z,2026-08-17T10:01:52.096Z,7.28400000,43969.00000000,43976.00000000,7.00000000,/home/arash/Projects/DrywellDT/deployments/Wetland_assimilation_MCMC/state/_current_input.json,,ok,
140,assim_calibration,46,2026-08-17T09:54:25.162Z,2026-08-17T10:15:10.753Z,1245.59100000,43872.00000000,43972.00000000,100.00000000,/home/arash/Projects/DrywellDT/deployments/Wetland_assimilation_MCMC/state/state_20200518_000000.json,/home/arash/Projects/DrywellDT/deployments/Wetland_assimilation_MCMC/outputs/calibration/state_calibrated_20260817_101510.json,ok,MCMC provisional (plateaued=0)
141,forward_advance,48,2026-08-17T10:23:13.206Z,2026-08-17T10:23:21.517Z,8.31100000,43972.00000000,43975.00000000,3.00000000,/home/arash/Projects/DrywellDT/deployments/Wetland_assimilation_MCMC/state/_current_input.json,/home/arash/Projects/DrywellDT/deployments/Wetland_assimilation_MCMC/state/state_20200524_000000.json,ok,
142,forward_forecast,48,2026-08-17T10:23:21.518Z,2026-08-17T10:23:29.585Z,8.06700000,43972.00000000,43979.00000000,7.00000000,/home/arash/Projects/DrywellDT/deployments/Wetland_assimilation_MCMC/state/_current_input.json,,ok,
143,assim_calibration,47,2026-08-17T10:16:01.213Z,2026-08-17T10:36:46.092Z,1244.87900000,43875.00000000,43975.00000000,100.00000000,/home/arash/Projects/DrywellDT/deployments/Wetland_assimilation_MCMC/state/state_20200521_000000.json,/home/arash/Projects/DrywellDT/deployments/Wetland_assimilation_MCMC/outputs/calibration/state_calibrated_20260817_103646.json,ok,MCMC provisional (plateaued=0)
144,forward_advance,49,2026-08-17T10:44:49.123Z,2026-08-17T10:44:56.847Z,7.72400000,43975.00000000,43978.00000000,3.00000000,/home/arash/Projects/DrywellDT/deployments/Wetland_assimilation_MCMC/state/_current_input.json,/home/arash/Projects/DrywellDT/deployments/Wetland_assimilation_MCMC/state/state_20200527_000000.json,ok,
145,forward_forecast,49,2026-08-17T10:44:56.848Z,2026-08-17T10:45:06.287Z,9.43900000,43975.00000000,43982.00000000,7.00000000,/home/arash/Projects/DrywellDT/deployments/Wetland_assimilation_MCMC/state/_current_input.json,,ok,
146,assim_calibration,48,2026-08-17T10:37:37.232Z,2026-08-17T10:58:37.048Z,1259.81600000,43878.00000000,43978.00000000,100.00000000,/home/arash/Projects/DrywellDT/deployments/Wetland_assimilation_MCMC/state/state_20200524_000000.json,/home/arash/Projects/DrywellDT/deployments/Wetland_assimilation_MCMC/outputs/calibration/state_calibrated_20260817_105837.json,ok,MCMC provisional (plateaued=0)
147,forward_advance,50,2026-08-17T11:06:25.206Z,2026-08-17T11:06:32.667Z,7.46100000,43978.00000000,43981.00000000,3.00000000,/home/arash/Projects/DrywellDT/deployments/Wetland_assimilation_MCMC/state/_current_input.json,/home/arash/Projects/DrywellDT/deployments/Wetland_assimilation_MCMC/state/state_20200530_000000.json,ok,
148,forward_forecast,50,2026-08-17T11:06:32.668Z,2026-08-17T11:06:39.717Z,7.04900000,43978.00000000,43985.00000000,7.00000000,/home/arash/Projects/DrywellDT/deployments/Wetland_assimilation_MCMC/state/_current_input.json,,ok,
149,assim_calibration,49,2026-08-17T10:59:13.169Z,2026-08-17T11:19:59.029Z,1245.86000000,43881.00000000,43981.00000000,100.00000000,/home/arash/Projects/DrywellDT/deployments/Wetland_assimilation_MCMC/state/state_20200527_000000.json,/home/arash/Projects/DrywellDT/deployments/Wetland_assimilation_MCMC/outputs/calibration/state_calibrated_20260817_111959.json,ok,MCMC provisional (plateaued=0)
150,forward_advance,51,2026-08-17T11:28:01.206Z,2026-08-17T11:28:08.578Z,7.37200000,43981.00000000,43984.00000000,3.00000000,/home/arash/Projects/DrywellDT/deployments/Wetland_assimilation_MCMC/state/_current_input.json,/home/arash/Projects/DrywellDT/deployments/Wetland_assimilation_MCMC/state/state_20200602_000000.json,ok,
151,forward_forecast,51,2026-08-17T11:28:08.579Z,2026-08-17T11:28:16.452Z,7.87300000,43981.00000000,43988.00000000,7.00000000,/home/arash/Projects/DrywellDT/deployments/Wetland_assimilation_MCMC/state/_current_input.json,,ok,
152,assim_calibration,50,2026-08-17T11:20:49.144Z,2026-08-17T11:41:49.489Z,1260.34500000,43884.00000000,43984.00000000,100.00000000,/home/arash/Projects/DrywellDT/deployments/Wetland_assimilation_MCMC/state/state_20200530_000000.json,/home/arash/Projects/DrywellDT/deployments/Wetland_assimilation_MCMC/outputs/calibration/state_calibrated_20260817_114149.json,ok,MCMC provisional (plateaued=0)
153,forward_advance,52,2026-08-17T11:49:37.132Z,2026-08-17T11:49:44.145Z,7.01300000,43984.00000000,43987.00000000,3.00000000,/home/arash/Projects/DrywellDT/deployments/Wetland_assimilation_MCMC/state/_current_input.json,/home/arash/Projects/DrywellDT/deployments/Wetland_assimilation_MCMC/state/state_20200605_000000.json,ok,
154,forward_forecast,52,2026-08-17T11:49:44.146Z,2026-08-17T11:49:52.142Z,7.99600000,43984.00000000,43991.00000000,7.00000000,/home/arash/Projects/DrywellDT/deployments/Wetland_assimilation_MCMC/state/_current_input.json,,ok,
155,assim_calibration,51,2026-08-17T11:42:25.147Z,2026-08-17T12:03:23.883Z,1258.73600000,43887.00000000,43987.00000000,100.00000000,/home/arash/Projects/DrywellDT/deployments/Wetland_assimilation_MCMC/state/state_20200602_000000.json,/home/arash/Projects/DrywellDT/deployments/Wetland_assimilation_MCMC/outputs/calibration/state_calibrated_20260817_120323.json,ok,MCMC provisional (plateaued=0)
156,forward_advance,53,2026-08-17T12:11:13.206Z,2026-08-17T12:11:18.010Z,4.80400000,43987.00000000,43990.00000000,3.00000000,/home/arash/Projects/DrywellDT/deployments/Wetland_assimilation_MCMC/state/_current_input.json,/home/arash/Projects/DrywellDT/deployments/Wetland_assimilation_MCMC/state/state_20200608_000000.json,ok,
157,forward_forecast,53,2026-08-17T12:11:18.011Z,2026-08-17T12:11:26.213Z,8.20200000,43987.00000000,43994.00000000,7.00000000,/home/arash/Projects/DrywellDT/deployments/Wetland_assimilation_MCMC/state/_current_input.json,,ok,
158,assim_calibration,52,2026-08-17T12:04:01.172Z,2026-08-17T12:24:53.424Z,1252.25200000,43890.00000000,43990.00000000,100.00000000,/home/arash/Projects/DrywellDT/deployments/Wetland_assimilation_MCMC/state/state_20200605_000000.json,/home/arash/Projects/DrywellDT/deployments/Wetland_assimilation_MCMC/outputs/calibration/state_calibrated_20260817_122453.json,ok,MCMC provisional (plateaued=0)
159,forward_advance,54,2026-08-17T12:32:49.207Z,2026-08-17T12:32:56.222Z,7.01500000,43990.00000000,43993.00000000,3.00000000,/home/arash/Projects/DrywellDT/deployments/Wetland_assimilation_MCMC/state/_current_input.json,/home/arash/Projects/DrywellDT/deployments/Wetland_assimilation_MCMC/state/state_20200611_000000.json,ok,
160,forward_forecast,54,2026-08-17T12:32:56.223Z,2026-08-17T12:33:04.377Z,8.15400000,43990.00000000,43997.00000000,7.00000000,/home/arash/Projects/DrywellDT/deployments/Wetland_assimilation_MCMC/state/_current_input.json,,ok,
161,assim_calibration,53,2026-08-17T12:25:37.140Z,2026-08-17T12:46:19.900Z,1242.76000000,43893.00000000,43993.00000000,100.00000000,/home/arash/Projects/DrywellDT/deployments/Wetland_assimilation_MCMC/state/state_20200608_000000.json,/home/arash/Projects/DrywellDT/deployments/Wetland_assimilation_MCMC/outputs/calibration/state_calibrated_20260817_124619.json,ok,MCMC provisional (plateaued=0.125)
162,forward_advance,55,2026-08-17T12:47:13.138Z,2026-08-17T12:47:20.250Z,7.11200000,43993.00000000,43996.00000000,3.00000000,/home/arash/Projects/DrywellDT/deployments/Wetland_assimilation_MCMC/state/_current_input.json,/home/arash/Projects/DrywellDT/deployments/Wetland_assimilation_MCMC/state/state_20200614_000000.json,ok,
163,forward_forecast,55,2026-08-17T12:47:20.251Z,2026-08-17T12:47:27.351Z,7.10000000,43993.00000000,44000.00000000,7.00000000,/home/arash/Projects/DrywellDT/deployments/Wetland_assimilation_MCMC/state/_current_input.json,,ok,
164,assim_calibration,54,2026-08-17T12:47:13.137Z,2026-08-17T13:08:06.451Z,1253.31400000,43896.00000000,43996.00000000,100.00000000,/home/arash/Projects/DrywellDT/deployments/Wetland_assimilation_MCMC/state/state_20200614_000000.json,/home/arash/Projects/DrywellDT/deployments/Wetland_assimilation_MCMC/outputs/calibration/state_calibrated_20260817_130806.json,ok,MCMC provisional (plateaued=0)
165,forward_advance,56,2026-08-17T13:16:01.206Z,2026-08-17T13:16:08.274Z,7.06800000,43996.00000000,43999.00000000,3.00000000,/home/arash/Projects/DrywellDT/deployments/Wetland_assimilation_MCMC/state/_current_input.json,/home/arash/Projects/DrywellDT/deployments/Wetland_assimilation_MCMC/state/state_20200617_000000.json,ok,
166,forward_forecast,56,2026-08-17T13:16:08.275Z,2026-08-17T13:16:16.249Z,7.97400000,43996.00000000,44003.00000000,7.00000000,/home/arash/Projects/DrywellDT/deployments/Wetland_assimilation_MCMC/state/_current_input.json,,ok,
